listing_id,url,title,price,area_sqm,rooms,bathrooms,livings,age_years,district,city,direction,description,latitude,longitude,images,images_count,advertiser_name,advertiser_company,advertiser_type,created_at,published_at,last_update,views,date_scraped,published,price_text,price_was_missing,property_type
6667684,https://sa.aqar.fm/فلل-للبيع/الرياض/شرق-الرياض/حي-الازدهار/شارع-القمر-حي-الإزدهار-مدينة-الرياض-منطقة-الرياض-6667684,"فيلا للبيع في شارع القمر, حي الإزدهار, مدينة الرياض, منطقة الرياض",4000000,337,5,,,10,حي الازدهار,الرياض,شرق الرياض,"https://maps.app.goo.gl/m4bBMYtpATkaEyDg7?g_st=aw

للبيع فيلا في الازدهار 
المساحة 337 م
دورين وملحق علوي وملحق بالحوش الدور الاول مجلس رجال سفرة صالة غرفة نوم مطبخ دورتين مياه 

الدور الثاني غرفة نوم رئيسية غرفة نوم صغيرة بدورة مياه غرفتين نوم بدورة مياه وصالة الملحق العلوي بالسطح غرفة مع دورة مياه وكذلك ملحق خارجي مثله مدخل سيارة 
الواجهة جنوب 
غرف النوم 5
الصالات 3
دورات مياه 5
 عرض الشارع 30 م
عمار العقار أكثر من 10 سنوات
حال الرغبة المعاينة لابد من تنسيق تصلح للسكان بعد الترميم او إلا ستثمار 
للبيع 4 مليون",24.776325,46.717948,,,صالح بن عبيد بن عايش العنزي,مكتب ابداع الصحافة للخدمات العقارية,1,2026-04-23,2026-08-18,2026-08-18,587,2026-08-23,True,"4,000,000",False,فيلا
6796278,https://sa.aqar.fm/فلل-للبيع/الرياض/شرق-الرياض/حي-الازدهار/شارع-عبدالله-الرويشد-حي-الازدهار-الرياض-منطقة-الرياض-6796278,فيلا للبيع في شارع عبدالله الرويشد ، حي الازدهار ، الرياض ، منطقة الرياض,6000000,625,7,5,1,36,حي الازدهار,الرياض,شرق الرياض,"بيت مساحه 625م البيع ارض
التواصل واتس اب",24.782742,46.717419,,,عبدالله بن عبدالعزيز بن محمد المرزوق,,,2026-07-29,,2026-07-29,211,2026-08-23,False,طلب تسويق,False,فيلا
6822536,https://sa.aqar.fm/فلل-للبيع/الرياض/شرق-الرياض/حي-الازدهار/شارع-ابن-مشعل-حي-الإزدهار-مدينة-الرياض-منطقة-الرياض-6822536,"فيلا للبيع في شارع ابن مشعل, حي الإزدهار, مدينة الرياض, منطقة الرياض",3800000,337,5,1,0,11,حي الازدهار,الرياض,شرق الرياض,"فيلا مساحتها 337.5   (١٢.٥ × ٢٧ ) على شارع ٣٠ جنوبي ، دورين  وملحق علوي وملحق بالحوش 
الدور الاول مجلس رجال ، سفرة ، صالة ، غرفة نوم ، مطبخ ، دورتين مياه.
الدور الثاني غرفة نوم رئيسية، غرفة نوم صغيرة بدورة مياه، غرفتين نوم بدورة مياه وصالة
الملحق العلوي بالسطح غرفة مع دورة مياه وكذلك ملحق خارجي مثله ، مدخل سيارة ، على السوم وفي حال الرغبة المعاينة لابد من تنسيق ، تصلح للسكن بعد الترميم او للاستثمار
البيع 3 مليون 800",24.776632,46.718027,https://images.aqar.fm/webp/750x0/props/002715260_1786727860524.jpg | https://images.aqar.fm/webp/750x0/props/002715263_1786727860431.jpg | https://images.aqar.fm/webp/750x0/props/002715268_1786727860600.jpg | https://images.aqar.fm/webp/750x0/props/002715264_1786727860606.jpg | https://images.aqar.fm/webp/750x0/props/002715263_1786727860437.jpg,5,هند العطاوي,مؤسسة قوى الأعمار الذكية,1,2026-08-14,2026-08-14,2026-08-23,142,2026-08-23,True,"3,800,000",False,فيلا
6679255,https://sa.aqar.fm/فلل-للبيع/الرياض/شرق-الرياض/حي-الازدهار/شارع-القمر-حي-الإزدهار-مدينة-الرياض-منطقة-الرياض-6679255,"فيلا للبيع في شارع القمر, حي الإزدهار, مدينة الرياض, منطقة الرياض",4000000,337,,,,11,حي الازدهار,الرياض,شرق الرياض,"فيلا مساحتها 337.5   (١٢.٥ × ٢٧ ) على شارع ٣٠ جنوبي ، دورين  وملحق علوي وملحق بالحوش 
الدور الاول مجلس رجال ، سفرة ، صالة ، غرفة نوم ، مطبخ ، دورتين مياه.
الدور الثاني غرفة نوم رئيسية، غرفة نوم صغيرة بدورة مياه، غرفتين نوم بدورة مياه وصالة
الملحق العلوي بالسطح غرفة مع دورة مياه وكذلك ملحق خارجي مثله ، مدخل سيارة ، على السوم وفي حال الرغبة المعاينة لابد من تنسيق ، تصلح للسكن بعد الترميم او للاستثمار",24.776325,46.717948,https://images.aqar.fm/webp/750x0/props/047169358_1777796414295.jpg | https://images.aqar.fm/webp/750x0/props/047169358_1777796414219.jpg | https://images.aqar.fm/webp/750x0/props/047169355_1777796414347.jpg | https://images.aqar.fm/webp/750x0/props/047169351_1777796414415.jpg,4,ابراهيم ضيدان بن غلاب العتيبي,مكتب راية الابتكار للخدمات العقارية,1,2026-05-03,2026-07-29,2026-08-23,762,2026-08-23,True,"4,000,000",False,فيلا
6758677,https://sa.aqar.fm/فلل-للبيع/الرياض/شرق-الرياض/حي-الازدهار/شارع-القمر-حي-الإزدهار-مدينة-الرياض-منطقة-الرياض-6758677,"فيلا للبيع في شارع القمر, حي الإزدهار, مدينة الرياض, منطقة الرياض",3900000,337,5,0,0,11,حي الازدهار,الرياض,شرق الرياض,"حي الازدهار فيلا مساحتها 337.5   (١٢.٥ × ٢٧ ) على شارع ٣٠ جنوبي ، دورين  وملحق علوي وملحق بالحوش 
الدور الاول مجلس رجال ، سفرة ، صالة ، غرفة نوم ، مطبخ ، دورتين مياه.
الدور الثاني غرفة نوم رئيسية، غرفة نوم صغيرة بدورة مياه، غرفتين نوم بدورة مياه وصالة
الملحق العلوي بالسطح غرفة مع دورة مياه وكذلك ملحق خارجي مثله ، مدخل سيارة ، على السوم وفي حال الرغبة المعاينة لابد من تنسيق ، تصلح للسكن بعد الترميم او للاستثمار

لايوجد عليها التزامات 
العمر تقريبا ٢٤سنة
المالك ساكن فيها
قابل للتفاوض والسوم واخر سوم ٣ مليون

الحد ٤ مليون قابل للتفاوض",24.776325,46.717948,https://images.aqar.fm/webp/750x0/props/006092898_1783122298186.jpg | https://images.aqar.fm/webp/750x0/props/006092899_1783122298182.jpg | https://images.aqar.fm/webp/750x0/props/006092893_1783122298179.jpg | https://images.aqar.fm/webp/750x0/props/006092896_1783122298183.jpg,4,فهد عبدالله فهد الفريح,مؤسسة دليل القوة العقارية,1,2026-07-03,2026-08-02,2026-08-20,332,2026-08-23,True,"3,900,000",False,فيلا
6833549,https://sa.aqar.fm/فلل-للبيع/الرياض/شرق-الرياض/حي-الازدهار/شارع-القمر-حي-الإزدهار-مدينة-الرياض-منطقة-الرياض-6833549,"فيلا للبيع في شارع القمر, حي الإزدهار, مدينة الرياض, منطقة الرياض",3800000,337,7,,,11,حي الازدهار,الرياض,شرق الرياض,للبيع فيلا في الرياض حي الأزدهار                                                                                                                                                                                                                                                           المساحه 337.5م ، عرض الشارع 30م ، واجهه جنوبيه ، للتواصل على الرقم : ((الرقم يظهر عند الضغط على اتصال)),24.776289,46.717953,https://images.aqar.fm/webp/750x0/props/054851869_1787256771665.jpg,1,محمد بن علي بن احمد ابوخضراء,,,2026-08-20,2026-08-20,2026-08-20,56,2026-08-23,True,"3,800,000",False,فيلا
6825655,https://sa.aqar.fm/فلل-للبيع/الرياض/شرق-الرياض/حي-الازدهار/شارع-ابن-مشعل-حي-الإزدهار-مدينة-الرياض-منطقة-الرياض-6825655,"فيلا للبيع في شارع ابن مشعل, حي الإزدهار, مدينة الرياض, منطقة الرياض",3400000,337,5,,,11,حي الازدهار,الرياض,شرق الرياض,"للبيع فيلا بحي الازدهار 
مساحتها  ٣٣٧.٥
الاطوال  ١٢.٥ × ٢٧ 
 شارع ٣٠ جنوبي 
التفاصيل:-
 دورين  وملحق علوي وملحق بالحوش 
الدور الاول مجلس رجال ، سفرة ، صالة ، غرفة نوم ، مطبخ ، دورتين مياه.
الدور الثاني غرفة نوم رئيسية، غرفة نوم صغيرة بدورة مياه، غرفتين نوم بدورة مياه وصالة
الملحق العلوي بالسطح غرفة مع دورة مياه وكذلك ملحق خارجي مثله ، مدخل سيارة ، على السوم وفي حال الرغبة المعاينة لابد من تنسيق ، تصلح للسكن بعد الترميم او للاستثمار
لا يوجد عليها التزامات 
العمر ٢٤ تقريباً 

السوم ٣ مليون",24.777123,46.717943,https://images.aqar.fm/webp/750x0/props/048323277_1786891940238.jpg,1,نوال بنت سعد بن صقر العتيبي,مؤسسة مسكن الياسمين,1,2026-08-16,2026-08-16,2026-08-23,125,2026-08-23,True,"3,400,000",False,فيلا
6710324,https://sa.aqar.fm/فلل-للبيع/الرياض/شرق-الرياض/حي-الازدهار/شارع-قابس-حي-الإزدهار-مدينة-الرياض-منطقة-الرياض-6710324,"فيلا للبيع في شارع قابس, حي الإزدهار, مدينة الرياض, منطقة الرياض",3000000,312,,0,0,11,حي الازدهار,الرياض,شرق الرياض,"فله في حي الازدهار 
وصف العقار/ العقار عبارة عن فيلا دوبلكس مكونة من (دورين مفصولة + ملحق علوي) - الدور الأرضي يتكون من( مجلس + مقلطين + صالة + مطبخ + غرفتين + دورتين مياه) - والدور الأول بمدخل خاص يتكون من( مجلس + مقلطين + مطبخ + غرفتين + دورتين مياه) والملحق العلوي يتكون من( غرفة + دورة مياه) ويوجد بناء في الارتداد الشرقي عبارة عن( مستودع بسقف من الشينكو).",24.784194,46.712733,https://images.aqar.fm/webp/750x0/props/019338322_1779691038556.jpg | https://images.aqar.fm/webp/750x0/props/019338320_1779691038555.jpg,2,بندر محمد,,,2026-05-25,2026-07-22,2026-07-22,3172,2026-08-23,True,"3,000,000",False,فيلا
6792388,https://sa.aqar.fm/فلل-للبيع/الرياض/شرق-الرياض/حي-الازدهار/شارع-القمر-حي-الإزدهار-مدينة-الرياض-منطقة-الرياض-6792388,"فيلا للبيع في شارع القمر, حي الإزدهار, مدينة الرياض, منطقة الرياض",3800000,337,5,6,1,11,حي الازدهار,الرياض,شرق الرياض,"فيلا للبيع في حي الازدهار
فرصة مميزة لامتلاك فيلا بموقع ممتاز في حي الازدهار، كما تصلح للسكن بعد ترميم بسيط او كفرصة استثمارية.
-----------------------------------
تفاصيل العقار:
المساحة: 337.5 م²
الواجهة: جنوبية
عرض الشارع: 30 متر
-----------------------------------
مكونات الفيلا:
دوران
ملحق علوي
ملحق خارجي بالحوش
مدخل سيارة

الدور الأرضي:
مجلس رجال
مقلط
صالة
غرفة نوم
مطبخ
دورتا مياه

الدور الأول:
غرفة نوم رئيسية
غرفة نوم بدورة مياه
غرفتا نوم بدورة مياه
صالة

الملحق العلوي:
غرفة
دورة مياه

الملحق الخارجي:
غرفة
دورة مياه
-----------------------------------
مميزات العقار:
موقع مميز في حي الازدهار.
مناسبة للسكن بعد ترميم بسيط.
فرصة استثمارية جيدة لإعادة التأهيل أو التطوير.
المعاينة متاحة بعد التنسيق المسبق.
السعر: 3,800,000 ريال.
-----------------------------------
للتواصل والاستفسار:
(الرقم يظهر عند الضغط على اتصال)
خدمة العملاء : 920016962",24.776325,46.717948,https://images.aqar.fm/webp/750x0/props/035714091_1785144004003.jpg | https://images.aqar.fm/webp/750x0/props/035714090_1785143999922.jpg | https://images.aqar.fm/webp/750x0/props/035714099_1785144007147.jpg | https://images.aqar.fm/webp/750x0/props/035714097_1785144012609.jpg,4,عمار الشهري,شركة أحمد سليمان بن حمد المحيسني العقارية,1,2026-07-27,2026-07-27,2026-07-27,212,2026-08-23,True,"3,800,000",False,فيلا
6807688,https://sa.aqar.fm/فلل-للبيع/الرياض/شرق-الرياض/حي-الازدهار/شارع-القمر-حي-الإزدهار-مدينة-الرياض-منطقة-الرياض-6807688,"فيلا للبيع في شارع القمر, حي الإزدهار, مدينة الرياض, منطقة الرياض",3500000,337,5,1,0,11,حي الازدهار,الرياض,شرق الرياض,"للبيــــــــع فيلا قيمة ارض بحي الازدهار شمال الرياض موقع ممتاز قريبه من طريق عثمان بن عفان مع طريق المام سعود 

المساحه ٣٣٧ متر
الوجهه جنوبيه 
الشارع ٣٠
الطوال ١٢.٥ في ٢٧
السوم وصل ٣ مليون 
البيــــــــــــــــع ٣ مليون ٥٠٠ الاف",24.776325,46.717948,,,بشرى القطان,مؤسسة أملاك نجد العقارية,1,2026-08-05,2026-08-05,2026-08-23,152,2026-08-23,True,"3,500,000",False,فيلا
6797689,https://sa.aqar.fm/فلل-للبيع/الرياض/شرق-الرياض/حي-الازدهار/شارع-عبدالله-الرويشد-حي-الإزدهار-مدينة-الرياض-منطقة-الرياض-6797689,"فيلا للبيع في شارع عبدالله الرويشد, حي الإزدهار, مدينة الرياض, منطقة الرياض",5000000,625,5,1,0,11,حي الازدهار,الرياض,شرق الرياض,"فرصه فرصه فرصه للاستثمار والتطوير العقاري 
للبيع فيلا درج صاله 
الحي الازدهار 
مساحه 625  متر
الواجهة 
شماليه شارع 20 متر
عمر العقار 18 سنه 
1-الدور الارضي
1- مجلس2- مقلط3- غرفة طعام 4- صالة جلوس 5- مجلس نساء 6- مطبخ مع مستودع صغير 7- حمامين

2- الدور الاول

يوجد فية 3 اجنحة
1- الجناح الرئيسي غرفة نوم زائد غرفتين وحمام
2- الجناح الثاني
غرفتين وحمام
3- الجناح الثالث
غرفتين وحمام

 3- السطح
يوجد بة غرفتين وحمام
4- الحوش 
مساحة الحوش من الجهة الشرقية 125 م
بلاضافة الى غرفة مع حمام خاص بالسواق
البيع 5 مليون ريال
مباشر مع المالك",24.782793,46.717631,https://images.aqar.fm/webp/750x0/props/013668657_1786872380097.jpg,1,بشرى عبدالكريم,مؤسسة بيت الحكمة للخدمات العقارية,1,2026-07-30,2026-07-30,2026-08-23,408,2026-08-23,True,"5,000,000",False,فيلا
6817429,https://sa.aqar.fm/فلل-للبيع/الرياض/شرق-الرياض/حي-الازدهار/شارع-القمر-حي-الإزدهار-مدينة-الرياض-منطقة-الرياض-6817429,"فيلا للبيع في شارع القمر, حي الإزدهار, مدينة الرياض, منطقة الرياض",3800000,337,5,,,11,حي الازدهار,الرياض,شرق الرياض,"فيلا مساحتها 337.5   (١٢.٥ × ٢٧ ) على شارع ٣٠ جنوبي ، دورين  وملحق علوي وملحق بالحوش 
الدور الاول مجلس رجال ، سفرة ، صالة ، غرفة نوم ، مطبخ ، دورتين مياه.
الدور الثاني غرفة نوم رئيسية، غرفة نوم صغيرة بدورة مياه، غرفتين نوم بدورة مياه وصالة
الملحق العلوي بالسطح غرفة مع دورة مياه وكذلك ملحق خارجي مثله ، مدخل سيارة ، على السوم وفي حال الرغبة المعاينة لابد من تنسيق ، تصلح للسكن بعد الترميم او للاستثمار
لايوجد عليها التزامات 
العمر تقريبا ٢٤سنة
المالك ساكن فيها
قابل للتفاوض والسوم واخر سوم ٣ مليون",24.776325,46.717948,https://images.aqar.fm/webp/750x0/props/048231981_1786482572468.jpg | https://images.aqar.fm/webp/750x0/props/048231984_1786482572500.jpg | https://images.aqar.fm/webp/750x0/props/048231989_1786482572645.jpg | https://images.aqar.fm/webp/750x0/props/048231988_1786482572645.jpg,4,أحمد بن سليمان بن احمد العقيلي,مؤسسة فرصتك العقارية للخدمات العقارية المتكاملة,1,2026-08-11,2026-08-11,2026-08-23,54,2026-08-23,True,"3,800,000",False,فيلا
6593467,https://sa.aqar.fm/فلل-للبيع/الرياض/شرق-الرياض/حي-الازدهار/شارع-عبدالعزيز-القاضي-حي-الإزدهار-مدينة-الرياض-منطقة-الرياض-6593467,"فيلا للبيع في شارع عبدالعزيز القاضي, حي الإزدهار, مدينة الرياض, منطقة الرياض",2600000,295,7,1,0,11,حي الازدهار,الرياض,شرق الرياض,"فيلا مستقلة للبيع – حي الازدهار
مساحة 294م² | واجهة غربية | شارع 15م
تفصيل راقي ومساحات واسعة
الدور الأرضي رجال ونساء مستقلين + استعداد لمصعد
الأول 4 غرف وصالة كبيرة
الثاني مطبخ + غرفة شغالة + سطح
 رهن ساب 299 ألف –",24.778263,46.716066,https://images.aqar.fm/webp/750x0/props/048880679_1783368373290.jpg | https://images.aqar.fm/webp/750x0/props/048880676_1783368373378.jpg | https://images.aqar.fm/webp/750x0/props/048880674_1783368373378.jpg | https://images.aqar.fm/webp/750x0/props/048880670_1783368373293.jpg | https://images.aqar.fm/webp/750x0/props/048880678_1783368373516.jpg | https://images.aqar.fm/webp/750x0/props/048880673_1783368373517.jpg | https://images.aqar.fm/webp/750x0/props/048880676_1783368373598.jpg | https://images.aqar.fm/webp/750x0/props/048880679_1783368373600.jpg,8,عبيد سعيد مطير الشمري,مكتب قشاعم للخدمات العقارية,1,2026-02-16,2026-08-10,2026-08-22,9578,2026-08-23,True,"2,600,000",False,فيلا
6597883,https://sa.aqar.fm/فلل-للبيع/الرياض/شرق-الرياض/حي-الازدهار/شارع-فيفاء-حي-الإزدهار-مدينة-الرياض-منطقة-الرياض-6597883,"فيلا للبيع في شارع فيفاء, حي الإزدهار, مدينة الرياض, منطقة الرياض",7500000,550,6,,,11,حي الازدهار,الرياض,شرق الرياض,"*** فرصة عقارية ***
فيلا بمساحه ٥٥٠ متر مربع 22x25 مكسي حجر  الواجهتين  على شارع ٢٠شمالي و شارع ١٥  غربي: 

- الدور الارضي: غرفه ضيافه مع دورة مياه
- ⁠صالتين ، مجلس،  غرفه طعام ، مطبخ عرض مع طاوله طعام ، مطبخ داخلي ومخزن درج داخلي  سكاي لايت على الصالات العلويه والسفليه
- دورتين مياه⁠ لخدمة الضيوف
⁠ 

٠ الدور الاول:
-جناح رئيسي مع منافعه غرفه ملابس  ودورة مياه كبيرة
 •عدد  2 اجنحه صغيره لكل منهم دورة مياه خاصه  
- عدد2 غرف نوم بينهما دورة مياة مشتركه
- ⁠ ،بوفيه  متوسط الحجم ، صاله كبيره،مع مساحه اضافيه  لطاوله طعام. 
- ⁠الدور الثاني: غرفه عامله واسعة تتسع لاكثر من عامله مع دوره مياه ، غرفه غسيل  ومساحه تخزين 
- ⁠المساحات الخارجيه  : خيمه مبنيه ، ملحق مع دوره مياه 
- ⁠غرفه سائق",24.787872,46.72138,https://images.aqar.fm/webp/750x0/props/011403694_1771544809819.jpg | https://images.aqar.fm/webp/750x0/props/011403695_1771544809889.jpg | https://images.aqar.fm/webp/750x0/props/011403692_1771544809995.jpg,3,عاصم سليمان عبدالله الناصر ,,,2026-02-19,2026-08-13,2026-08-17,2028,2026-08-23,True,"7,500,000",False,فيلا
6772517,https://sa.aqar.fm/فلل-للبيع/الرياض/شرق-الرياض/حي-الازدهار/شارع-ابن-مشعل-حي-الإزدهار-مدينة-الرياض-منطقة-الرياض-6772517,"فيلا للبيع في شارع ابن مشعل, حي الإزدهار, مدينة الرياض, منطقة الرياض",1850000,195,4,0,0,0,حي الازدهار,الرياض,شرق الرياض,$5e,24.775731,46.715873,https://images.aqar.fm/webp/750x0/props/053256130_1783973328452.jpg | https://images.aqar.fm/webp/750x0/props/053256134_1783973355768.jpg | https://images.aqar.fm/webp/750x0/props/053256134_1783973368886.jpg | https://images.aqar.fm/webp/750x0/props/053256130_1783973384793.jpg | https://images.aqar.fm/webp/750x0/props/053256132_1783973384751.jpg | https://images.aqar.fm/webp/750x0/props/053256134_1783973402426.jpg | https://images.aqar.fm/webp/750x0/props/053256136_1783973416779.jpg | https://images.aqar.fm/webp/750x0/props/053256138_1783973416793.jpg | https://images.aqar.fm/webp/750x0/props/053256134_1783973435076.jpg | https://images.aqar.fm/webp/750x0/props/053256134_1783973474870.jpg | https://images.aqar.fm/webp/750x0/props/053256133_1783973490200.jpg | https://images.aqar.fm/webp/750x0/props/053256139_1783973524738.jpg | https://images.aqar.fm/webp/750x0/props/053256139_1783973547158.jpg | https://images.aqar.fm/webp/750x0/props/053256131_1783973564270.jpg | https://images.aqar.fm/webp/750x0/props/053256132_1783973603986.jpg | https://images.aqar.fm/webp/750x0/props/053256138_1783973612932.jpg,16,فيصل العمري,,,2026-07-13,2026-08-12,2026-08-23,4790,2026-08-23,True,"1,850,000",False,فيلا
6666536,https://sa.aqar.fm/فلل-للبيع/الرياض/شرق-الرياض/حي-الازدهار/شارع-القمر-حي-الازدهار-الرياض-منطقة-الرياض-6666536,"فيلا للبيع في شارع القمر, حي الإزدهار, مدينة الرياض, منطقة الرياض",3800000,337,5,5,3,11,حي الازدهار,الرياض,شرق الرياض,"فيلا مساحتها 337.5   (١٢.٥ × ٢٧ ) على شارع ٣٠ جنوبي ، دورين  وملحق علوي وملحق بالحوش 
الدور الاول مجلس رجال ، سفرة ، صالة ، غرفة نوم ، مطبخ ، دورتين مياه.
الدور الثاني غرفة نوم رئيسية، غرفة نوم صغيرة بدورة مياه، غرفتين نوم بدورة مياه وصالة
الملحق العلوي بالسطح غرفة مع دورة مياه وكذلك ملحق خارجي مثله ، مدخل سيارة ، على السوم وفي حال الرغبة المعاينة لابد من تنسيق ، تصلح للسكن بعد الترميم او للاستثمار",24.776325445427727,46.717948,https://images.aqar.fm/webp/750x0/props/010624090_1776937014468.jpg | https://images.aqar.fm/webp/750x0/props/010624090_1776894153802.jpg | https://images.aqar.fm/webp/750x0/props/010624095_1776898755051.jpg | https://images.aqar.fm/webp/750x0/props/010624090_1776898755210.jpg | https://images.aqar.fm/webp/750x0/props/010624091_1776898755314.jpg | https://images.aqar.fm/webp/750x0/props/010624091_1776898755344.jpg,6,محمد صالح محمد العويد ,,,2026-04-22,2026-04-22,2026-08-22,1302,2026-08-23,True,"3,800,000",False,فيلا
6773115,https://sa.aqar.fm/فلل-للبيع/الرياض/شرق-الرياض/حي-الازدهار/شارع-الفرع-حي-الإزدهار-مدينة-الرياض-منطقة-الرياض-6773115,"فيلا للبيع في شارع الفرع, حي الإزدهار, مدينة الرياض, منطقة الرياض",4300000,375,,5,3,11,حي الازدهار,الرياض,شرق الرياض,"فيلا للبيع بحي الازدهار 
المساحة 375 متر 
العمر 16 سنة بناء شخصي
الواجهة شرق عرض الشارع 15 متر
الفيلا عبارة عن :دورين مفصوله وشقة بالسطح 
الدور الأرضي مكون من 
حوش - ملحق خارجي - مدخل سيارة 
4 غرف - صالة - مطبخ - 3 دورات مياه 
الدور العلوي 
4 غرف - صالة - مطبخ - 3 دورات مياه 
شقة السطح 
2 غرفه - صالة - مطبخ - 2 دورة مياه 
المطبخ راكب في الدور الأرضي والعلوي 
المكيفات راكبة في الفيلا بالكامل
يوجد غاز مركزي 
تبعد عن مسجد 50 متر 
قريبه من الدائري الشرقي وطريق الإمام سعود 
قريبه من مدراس وجميع الخدمات 
سعر البيع : 4.500.000 
البيع كاش أو بنك 

للتواصل والاستفسار 
((الرقم يظهر عند الضغط على اتصال))
رقم ترخيص الإعلان : 7201039645
رقم رخصة فال  : 1200010605
نسعد بخدمتكم واستقبال طلبتكم وعروضكم
أوقات العمل من السبت إلى الخميس أوقات الأتصال الساعة 9 صباحاً إلى الساعة 9 مساءً
نعتذر عن عدم الرد خارج أوقات العمل",24.776678,46.727563,https://images.aqar.fm/webp/750x0/props/004966637_1784023560641.jpg | https://images.aqar.fm/webp/750x0/props/004966635_1784023560044.jpg | https://images.aqar.fm/webp/750x0/props/004966634_1784023560436.jpg | https://images.aqar.fm/webp/750x0/props/004966637_1784023560523.jpg | https://images.aqar.fm/webp/750x0/props/004966632_1784023560293.jpg | https://images.aqar.fm/webp/750x0/props/004966639_1784023560135.jpg | https://images.aqar.fm/webp/750x0/props/004966637_1784023559355.jpg | https://images.aqar.fm/webp/750x0/props/004966632_1784023559381.jpg | https://images.aqar.fm/webp/750x0/props/004966632_1784023560277.jpg | https://images.aqar.fm/webp/750x0/props/004966632_1784023559998.jpg | https://images.aqar.fm/webp/750x0/props/004966634_1784023560011.jpg | https://images.aqar.fm/webp/750x0/props/004966631_1784023559084.jpg | https://images.aqar.fm/webp/750x0/props/004966639_1784023560530.jpg | https://images.aqar.fm/webp/750x0/props/004966633_1784023559197.jpg | https://images.aqar.fm/webp/750x0/props/004966634_1784023560355.jpg | https://images.aqar.fm/webp/750x0/props/004966639_1784023559645.jpg | https://images.aqar.fm/webp/750x0/props/004966634_1784023559939.jpg | https://images.aqar.fm/webp/750x0/props/004966635_1784023559501.jpg | https://images.aqar.fm/webp/750x0/props/004966637_1784023559755.jpg | https://images.aqar.fm/webp/750x0/props/004966638_1784023560231.jpg | https://images.aqar.fm/webp/750x0/props/004966630_1784023559677.jpg | https://images.aqar.fm/webp/750x0/props/004966634_1784023559608.jpg | https://images.aqar.fm/webp/750x0/props/004966634_1784023559446.jpg | https://images.aqar.fm/webp/750x0/props/004966633_1784023559241.jpg | https://images.aqar.fm/webp/750x0/props/004966633_1784023559434.jpg | https://images.aqar.fm/webp/750x0/props/004966630_1784023559745.jpg | https://images.aqar.fm/webp/750x0/props/004966631_1784023559822.jpg | https://images.aqar.fm/webp/750x0/props/004966637_1784023559910.jpg | https://images.aqar.fm/webp/750x0/props/004966630_1784023560566.jpg,29,صالح ابراهيم,مكتب الاركان الثابتة للعقارات,1,2026-07-14,2026-08-12,2026-08-23,809,2026-08-23,True,"4,300,000",False,فيلا
6823071,https://sa.aqar.fm/فلل-للبيع/الرياض/شرق-الرياض/حي-الازدهار/شارع-الياقوت-حي-الإزدهار-مدينة-الرياض-منطقة-الرياض-6823071,"فيلا للبيع في شارع الياقوت, حي الإزدهار, مدينة الرياض, منطقة الرياض",3800000,337,5,5,4,2,حي الازدهار,الرياض,شرق الرياض,"فيلا مساحتها 337.5   (١٢.٥ × ٢٧ ) على شارع ٣٠ جنوبي ، دورين  وملحق علوي وملحق بالحوش 
الدور الاول مجلس رجال ، سفرة ، صالة ، غرفة نوم ، مطبخ ، دورتين مياه.
الدور الثاني غرفة نوم رئيسية، غرفة نوم صغيرة بدورة مياه، غرفتين نوم بدورة مياه وصالة
الملحق العلوي بالسطح غرفة مع دورة مياه وكذلك ملحق خارجي مثله ، مدخل سيارة ، على السوم وفي حال الرغبة المعاينة لابد من تنسيق ، تصلح للسكن بعد الترميم او للاستثمار",24.773998,46.718961,https://images.aqar.fm/webp/750x0/props/043196679_1786763864144.jpg,1,حماد ثامر حامد الظفيري,مؤسسة ثقة النرجس العقارية,1,2026-08-15,2026-08-15,2026-08-21,210,2026-08-23,True,"3,800,000",False,فيلا
6802757,https://sa.aqar.fm/فلل-للبيع/الرياض/شرق-الرياض/حي-الازدهار/شارع-عبدالله-الرويشد-حي-الإزدهار-مدينة-الرياض-منطقة-الرياض-6802757,"فيلا للبيع في شارع عبدالله الرويشد, حي الإزدهار, مدينة الرياض, منطقة الرياض",5000000,625,5,1,0,6,حي الازدهار,الرياض,شرق الرياض,"المنزل مساحتة 625 م
1-الدور الارضي
1- مجلس2- مقلط3- غرفة طعام 4- صالة جلوس 5- مجلس نساء 6- مطبخ مع مستودع صغير 7- حمامين
2- الدور الاول
يوجد فية 3 اجنحة
1- الجناح الرئيسي غرفة نوم زائد غرفتين وحمام
2- الجناح الثاني
غرفتين وحمام
3- الجناح الثالث
غرفتين وحمام
 3- السطح
يوجد بة غرفتين وحمام
4- الحوش 
مساحة الحوش من الجهة الشرقية 125 م
بلاضافة الى غرفة مع حمام خاص بالسواق
شارع 20 شمالي
البيع 5مليون ان شاءالله",24.782793,46.717631,,,محمد زيد,مؤسسة محمد زيد نايف العتيبي للعقارات,1,2026-08-02,2026-08-02,2026-08-12,199,2026-08-23,True,"5,000,000",False,فيلا
6751835,https://sa.aqar.fm/فلل-للبيع/الرياض/شرق-الرياض/حي-الازدهار/شارع-السامرية-حي-الإزدهار-مدينة-الرياض-منطقة-الرياض-6751835,"فيلا للبيع في شارع السامرية, حي الإزدهار, مدينة الرياض, منطقة الرياض",5400000,550,6,,,11,حي الازدهار,الرياض,شرق الرياض,"https://maps.app.goo.gl/LQpSzaJeKVzpSSDx7?g_st=ac

للبيع فيلا بناء شخصي حي الازدهار 
المساحة ٥٥٠ متر 
شارع ٢٠ م الواجهة جنوبية 
محتويات الفله
مجلس صالة طعام صالة استقبال 
غرفة نساء بحمام غرفة عائليه 
مطبخ
الدور الثاني 3 أجنحه بحماماتها وغرفتين بينهم حمام
وصاله كبيره غرفة سائق وخادمه 
ملحق خارجي بحمام
2- شقه جديده عمرها اقل من سنه في حدود 150م مدخل خاص مع برج مصعد موسس
تحتوي على مجلس
صالة طعام  صالة جلوس
3 غرف نوم غرفة خادمه مطبخ 
3 حمامات مكيفات سبيلت 
جلسه خارجيه في السطح
عداد كهرباء مستقل مؤجره 
70000 الف ريال
الفله نظيفه لايوجد فيها أي مشاكل
حد البيع ٥ مليون ٧٠٠ 
مباشر مع المالك",24.785795,46.723431,https://images.aqar.fm/webp/750x0/props/035887648_1782681891376.jpg,1,صالح بن عبيد بن عايش العنزي,مكتب ابداع الصحافة للخدمات العقارية,1,2026-06-28,2026-07-28,2026-08-21,1583,2026-08-23,True,"5,400,000",False,فيلا
6834256,https://sa.aqar.fm/فلل-للبيع/الرياض/شرق-الرياض/حي-الازدهار/شارع-الينبوع-حي-الإزدهار-مدينة-الرياض-منطقة-الرياض-6834256,"فيلا للبيع في شارع الينبوع, حي الإزدهار, مدينة الرياض, منطقة الرياض",3600000,357,,7,3,11,حي الازدهار,الرياض,شرق الرياض,"فيلا للبيع:
المساحة: 357

>> الحدود:
> شارع شمالي 15 متر
> شارع شرقي 15 متر

>> العمر: 12 سنه

>> مكونات الفيلا:
>> الدور الارضي ...
> مجلس رجال
> دورة مياه
> غرفة طعام
> صالة نساء
> مطبخ
> دورة مياه
> غرفة سواق

>> الدور الاول ...
> 2 غرفه ماستر
> 2 غرفه بينهم دورة مياه
> صاله غرفة ملابس
> صالة جلوس

>> الدور الثاني ...
> صاله كبيره
> غرفة خادمه
> دورة مياه

>> الدور الارضي مكيف مخفي
>> باقي البيت مكيف كامل سبيلت

>> على السوم",24.784832,46.706865,https://images.aqar.fm/webp/750x0/props/003815308_1787323059515.jpg | https://images.aqar.fm/webp/750x0/props/003815307_1787323306990.jpg | https://images.aqar.fm/webp/750x0/props/003815303_1787323306997.jpg,3,ابراهيم بن علي بن ابراهيم الشويعر,مكتب أوشيل فالي للعقارات,1,2026-08-21,2026-08-21,2026-08-21,111,2026-08-23,True,"3,600,000",False,فيلا
6714055,https://sa.aqar.fm/فلل-للبيع/الرياض/شرق-الرياض/حي-الازدهار/شارع-الإسماعيلية-حي-الازدهار-الرياض-منطقة-الرياض-6714055,فيلا للبيع في شارع الإسماعيلية ، حي الازدهار ، الرياض ، منطقة الرياض,6000000,576,7,5,2,30,حي الازدهار,الرياض,شرق الرياض,,24.78503,46.720772,https://images.aqar.fm/webp/750x0/props/016407569_1780252576038.jpg | https://images.aqar.fm/webp/750x0/props/016407561_1780252576051.jpg | https://images.aqar.fm/webp/750x0/props/016407569_1780252576036.jpg | https://images.aqar.fm/webp/750x0/props/016407568_1780252576041.jpg | https://images.aqar.fm/webp/750x0/props/016407568_1780252576007.jpg | https://images.aqar.fm/webp/750x0/props/016407564_1780252576061.jpg | https://images.aqar.fm/webp/750x0/props/016407567_1780252576039.jpg,7,مروان بن محمد بن عبدالله الفائز,,,2026-05-31,,2026-05-31,436,2026-08-23,False,طلب تسويق,False,فيلا
6832836,https://sa.aqar.fm/فلل-للبيع/الرياض/شرق-الرياض/حي-الازدهار/شارع-عبدالله-الرويشد-حي-الإزدهار-مدينة-الرياض-منطقة-الرياض-6832836,"فيلا للبيع في شارع عبدالله الرويشد, حي الإزدهار, مدينة الرياض, منطقة الرياض",8000000,625,3,,,0,حي الازدهار,الرياض,شرق الرياض,عردددظظظظظظظظظظظظظظزززززززززوىررؤؤؤؤؤؤؤؤؤؤؤؤؤؤؤؤؤؤؤؤؤ,24.782793,46.717631,,,جواهر بنت عبدالعزيز بن سعيد ال سعيد,مكتب ريحانة نجد للعقارات,1,2026-08-20,2026-08-20,2026-08-20,43,2026-08-23,True,"8,000,000",False,فيلا
6815126,https://sa.aqar.fm/فلل-للبيع/الرياض/شرق-الرياض/حي-الازدهار/شارع-عبدالله-الرويشد-حي-الإزدهار-مدينة-الرياض-منطقة-الرياض-6815126,"فيلا للبيع في شارع عبدالله الرويشد, حي الإزدهار, مدينة الرياض, منطقة الرياض",5500000,625,6,4,2,11,حي الازدهار,الرياض,شرق الرياض,"🏡 للبيع | فيلا سكنية مميزة

📍 حي الازدهار – الرياض
📐 المساحة: 625 م²
🛣️ شارع 20م شمالي
🏠 عمر العقار: 18 سنة

تفاصيل العقار:

🔹 الدور الأرضي:
• مجلس
• مقلط
• غرفة طعام
• صالة جلوس
• مجلس نساء
• مطبخ مع مستودع صغير
• دورتين مياه

🔹 الدور الأول:
يتكون من 3 أجنحة:
• الجناح الرئيسي: غرفة نوم + غرفتين + دورة مياه
• الجناح الثاني: غرفتين + دورة مياه
• الجناح الثالث: غرفتين + دورة مياه

🔹 السطح:
• غرفتين
• دورة مياه

🔹 الحوش:
• مساحة الحوش من الجهة الشرقية 125 م²
• غرفة خاصة بالسائق مع دورة مياه

💰 السعر: 5,500,000 ريال",24.782793,46.717631,https://images.aqar.fm/webp/750x0/props/015319162_1786382907792.jpg | https://images.aqar.fm/webp/750x0/props/015319164_1786382907812.jpg | https://images.aqar.fm/webp/750x0/props/015319167_1786382907806.jpg | https://images.aqar.fm/webp/750x0/props/015319163_1786382907794.jpg | https://images.aqar.fm/webp/750x0/props/015319166_1786382922237.jpg,5,فاطمه القحطاني,مؤسسة مكتب رؤيتك للعقارات,1,2026-08-10,2026-08-10,2026-08-22,212,2026-08-23,True,"5,500,000",False,فيلا
6740242,https://sa.aqar.fm/فلل-للبيع/الرياض/شرق-الرياض/حي-الازدهار/شارع-ملحة-حي-الإزدهار-مدينة-الرياض-منطقة-الرياض-6740242,"فيلا للبيع في شارع ملحة, حي الإزدهار, مدينة الرياض, منطقة الرياض",3300000,187,,0,0,11,حي الازدهار,الرياض,شرق الرياض,فيلاه دبلوكس مكونه من ٩ غرف ملاحق مجالس مقلط غرف نوم  وقابل للتفاوض,24.786967,46.723585,https://images.aqar.fm/webp/750x0/props/042980263_1781961643952.jpg,1,محمد زامل راشد الهزاني,شركة سجه العقارية,1,2026-06-20,2026-08-17,2026-08-17,1185,2026-08-23,True,"3,300,000",False,فيلا
6704171,https://sa.aqar.fm/فلل-للبيع/الرياض/شرق-الرياض/حي-الازدهار/شارع-القمر-حي-الإزدهار-مدينة-الرياض-منطقة-الرياض-6704171,"فيلا للبيع في شارع القمر, حي الإزدهار, مدينة الرياض, منطقة الرياض",4000000,337,5,,,11,حي الازدهار,الرياض,شرق الرياض,"فيلا مساحتها ٢٧ x ١٢.٥) 337.5) على شارع ٣٠ جنوبي ، دورين وملحق علوي وملحق بالحوش
الدور الاول مجلس رجال ، سفرة ، صالة ، غرفة نوم ، مطبخ، دورتين مياه.
الدور الثاني غرفة نوم رئيسية، غرفة نوم صغيرة بدورة مياه، غرفتين نوم بدورة مياه وصالة
الملحق العلوي بالسطح غرفة مع دورة مياه وكذلك ملحق خارجي مثله ، مدخل سيارة ،وفي حال الرغبة المعاينة لابد من تنسيق ، تصلح للسكن بعد الترميم او للاستثمار",24.776325,46.717948,,,محمد سعد عبدالله المعيذر,مكتب إتساع للعقارات,1,2026-05-19,2026-08-15,2026-08-17,364,2026-08-23,True,"4,000,000",False,فيلا
6774389,https://sa.aqar.fm/فلل-للبيع/الرياض/شرق-الرياض/حي-الازدهار/شارع-القمر-حي-الإزدهار-مدينة-الرياض-منطقة-الرياض-6774389,"فيلا للبيع في شارع القمر, حي الإزدهار, مدينة الرياض, منطقة الرياض",4000000,337,5,0,0,11,حي الازدهار,الرياض,شرق الرياض,"للبيع فيلا حي الازدهار 
مساحتها : 337.5   (١٢.٥ × ٢٧ ) 
شارع : 30 م 
واجهة : جنوبية 

تفاصيل العقار : 
دورين  وملحق علوي وملحق بالحوش 
الدور الاول  : مجلس رجال ، سفرة ، صالة ، غرفة نوم ، مطبخ ، دورتين مياه.
الدور الثاني : غرفة نوم رئيسية، غرفة نوم صغيرة بدورة مياه، غرفتين نوم بدورة مياه وصالة
الملحق العلوي بالسطح  : غرفة مع دورة مياه وكذلك ملحق خارجي مثله ، مدخل سيارة ،

ملاحظة : وفي حال الرغبة المعاينة لابد من تنسيق ، تصلح للسكن بعد الترميم او للاستثمار


موقع العقار : 

https://maps.app.goo.gl/m4bBMYtpATkaEyDg7?g_st=aw

سعر  العقار : 4.000.000",24.776325,46.717948,https://images.aqar.fm/webp/750x0/props/020203125_1784070100434.jpg | https://images.aqar.fm/webp/750x0/props/020203123_1784070100425.jpg | https://images.aqar.fm/webp/750x0/props/020203129_1784070100529.jpg | https://images.aqar.fm/webp/750x0/props/020203125_1784070100466.jpg,4,مهند فهد عبدالله الراشد,,,2026-07-14,2026-07-14,2026-08-14,222,2026-08-23,True,"4,000,000",False,فيلا
6725832,https://sa.aqar.fm/فلل-للبيع/الرياض/شرق-الرياض/حي-الازدهار/شارع-الجدول-حي-الإزدهار-مدينة-الرياض-منطقة-الرياض-6725832,"فيلا للبيع في شارع الجدول, حي الإزدهار, مدينة الرياض, منطقة الرياض",6000000,325,5,5,3,11,حي الازدهار,الرياض,شرق الرياض,"فله بحي الاذدهار 
المساحه 325م شارع 20غربي 
دور ارضي يتكون من 5غرف وصاله 
دور اول يتكون من 5غرف وصاله 
وشقه تتكون من 3وصاله ودورتين مياه
الفله بناء شخصي  ويمتاز موقعها  بسهولة الدخول والخروج على الدائري الشمالي والشرقي 
وقربها من جميع الخدمات 
وعوازل ممتازه للفله من ناحية البلك وعزل الاسطح 
الفله ع السوم",24.782944,46.719368,https://images.aqar.fm/webp/750x0/props/039562493_1781170254363.jpg | https://images.aqar.fm/webp/750x0/props/039562495_1781186054254.jpg | https://images.aqar.fm/webp/750x0/props/039562497_1781186054253.jpg | https://images.aqar.fm/webp/750x0/props/039562490_1781186054306.jpg | https://images.aqar.fm/webp/750x0/props/039562491_1781186054302.jpg | https://images.aqar.fm/webp/750x0/props/039562490_1781186054308.jpg | https://images.aqar.fm/webp/750x0/props/039562492_1781186054262.jpg | https://images.aqar.fm/webp/750x0/props/039562491_1781186054312.jpg | https://images.aqar.fm/webp/750x0/props/039562493_1781186054253.jpg,9,اماني خلف,مؤسسة مكتب عوالي البدر للعقارات,1,2026-06-09,2026-08-06,2026-08-14,1818,2026-08-23,True,"6,000,000",False,فيلا
6798028,https://sa.aqar.fm/فلل-للبيع/الرياض/شرق-الرياض/حي-الازدهار/شارع-ابن-مشعل-حي-الإزدهار-مدينة-الرياض-منطقة-الرياض-6798028,"فيلا للبيع في شارع ابن مشعل, حي الإزدهار, مدينة الرياض, منطقة الرياض",2200000,244,3,0,0,0,حي الازدهار,الرياض,شرق الرياض,$5d,24.775799,46.716128,https://images.aqar.fm/webp/750x0/props/052524533_1785430913072.jpg | https://images.aqar.fm/webp/750x0/props/052524531_1785430931907.jpg | https://images.aqar.fm/webp/750x0/props/052524539_1785430948277.jpg | https://images.aqar.fm/webp/750x0/props/052524533_1785430963185.jpg | https://images.aqar.fm/webp/750x0/props/052524532_1785430981167.jpg | https://images.aqar.fm/webp/750x0/props/052524534_1785431003488.jpg | https://images.aqar.fm/webp/750x0/props/052524533_1785431068748.jpg | https://images.aqar.fm/webp/750x0/props/052524539_1785431123339.jpg | https://images.aqar.fm/webp/750x0/props/052524535_1785431237372.jpg | https://images.aqar.fm/webp/750x0/props/052524530_1785431237376.jpg,10,انس محمد,,,2026-07-30,2026-07-30,2026-08-19,2092,2026-08-23,True,"2,200,000",False,فيلا
6827957,https://sa.aqar.fm/فلل-للبيع/الرياض/شرق-الرياض/حي-الازدهار/شارع-القمر-حي-الازدهار-الرياض-منطقة-الرياض-6827957,فيلا للبيع في شارع القمر ، حي الازدهار ، الرياض ، منطقة الرياض,9000000,650,7,5,2,30,حي الازدهار,الرياض,شرق الرياض,فيلا على شارعين بحي الإزدهار. يحدها شارع جنوبي ثلاثين متر مربع وشارع شرقي 15 متر مربع ،مكونة من دورين وقبو سفلي. الدور الأرضي مؤجر. يمكن استثمارها ببناء المزيد من الشقق في المبنى الحالي أو هدم المبنى وإعادة بنائه كعمارة من عدة أدوار,24.776667,46.71911,,,تركي بن راشد بن عمر البكر,,,2026-08-17,,2026-08-17,88,2026-08-23,False,طلب تسويق,False,فيلا
6800954,https://sa.aqar.fm/فلل-للبيع/الرياض/شرق-الرياض/حي-الازدهار/شارع-عبدالله-الرويشد-حي-الإزدهار-مدينة-الرياض-منطقة-الرياض-6800954,"فيلا للبيع في شارع عبدالله الرويشد, حي الإزدهار, مدينة الرياض, منطقة الرياض",5500000,625,,0,0,10,حي الازدهار,الرياض,شرق الرياض,"المنزل مساحتة 625 م
1-الدور الارضي
1- مجلس2- مقلط3- غرفة طعام 4- صالة جلوس 5- مجلس نساء 6- مطبخ مع مستودع صغير 7- حمامين
2- الدور الاول
يوجد فية 3 اجنحة
1- الجناح الرئيسي غرفة نوم زائد غرفتين وحمام
2- الجناح الثاني
غرفتين وحمام
3- الجناح الثالث
غرفتين وحمام
 3- السطح
يوجد بة غرفتين وحمام
4- الحوش 
مساحة الحوش من الجهة الشرقية 125 م
بلاضافة الى غرفة مع حمام خاص بالسواق
شارع 20 شمالي
البيع 5 مليون و500 والصامل مانقصر معه
واتس اب ابو فهد ((الرقم يظهر عند الضغط على اتصال))",24.782793,46.717631,https://images.aqar.fm/webp/750x0/props/036541055_1785620420713.jpg,1,احمد فهد,,,2026-08-01,2026-08-01,2026-08-15,250,2026-08-23,True,"5,500,000",False,فيلا
6821094,https://sa.aqar.fm/فلل-للبيع/الرياض/شرق-الرياض/حي-الازدهار/شارع-القمر-حي-الإزدهار-مدينة-الرياض-منطقة-الرياض-6821094,"فيلا للبيع في شارع القمر, حي الإزدهار, مدينة الرياض, منطقة الرياض",4000000,337,6,,,11,حي الازدهار,الرياض,شرق الرياض,"فيلا للبيع حي الازدهار 
الواجهه جنوبيه
تجاري سكني تصلح شقق تمليك 
ع شارع 30
واجهه جنوب شارع 30
عمر العقار اكثر من 10سنوات
فيلا مساحتها 337.5   (١٢.٥ × ٢٧ ) على شارع ٣٠ جنوبي ، دورين  وملحق علوي وملحق بالحوش 
الدور الاول مجلس رجال ، سفرة ، صالة ، غرفة نوم ، مطبخ ، دورتين مياه.
الدور الثاني غرفة نوم رئيسية، غرفة نوم صغيرة بدورة مياه، غرفتين نوم بدورة مياه وصالة
الملحق العلوي بالسطح غرفة مع دورة مياه وكذلك ملحق خارجي مثله ، مدخل سيارة ، على السوم وفي حال الرغبة المعاينة لابد من تنسيق ، تصلح للسكن بعد الترميم او للاستثمار
المالك سكان بفيلا 
*البيع 4مليون*
السعر للمتر 11.851

https://maps.app.goo.gl/HKrLbVDMihLDUrGd9?g_st=awb",24.776325,46.717948,https://images.aqar.fm/webp/750x0/props/020546198_1786644654597.jpg,1,أمل بنت صالح بن فهد المحيجين,شركة مساكن وصلة العقارية,1,2026-08-13,2026-08-13,2026-08-23,60,2026-08-23,True,"4,000,000",False,فيلا
