تاريخ التسجيل,التصنيف,النوع,سعر المتر (ريال),الإيجار السنوي (ريال),المساحة (م²),المدينة,الحي,المدة (بالأشهر)
2025-10-02,سكني,شقة,177,16000,90,الرياض,الصفاء,12
2025-10-21,سكني,شقة,208,24982,120,الرياض,الصفاء,48
2025-12-31,سكني,شقة,373,40000,107,الرياض,الصفاء,12
2025-11-06,سكني,شقة,566,25500,45,الرياض,الصفاء,12
2025-12-11,سكني,شقة,353,40000,113,الرياض,الصفاء,12
2025-10-29,سكني,شقة,181,20000,110,الرياض,الصفاء,12
2025-12-11,سكني,شقة,394,45000,114,الرياض,الصفاء,12
2025-12-30,سكني,شقة,388,40000,103,الرياض,الصفاء,12
2025-10-05,سكني,شقة,280,25500,91,الرياض,الصفاء,12
2025-10-23,سكني,شقة,312,25000,80,الرياض,الصفاء,12
2026-01-29,سكني,شقة,448,22000,49,الرياض,الصفاء,12
2025-12-31,سكني,شقة,423,25000,59,الرياض,الصفاء,12
2025-12-08,سكني,شقة,400,14000,35,الرياض,الصفاء,12
2026-01-03,سكني,شقة,423,25000,59,الرياض,الصفاء,12
2025-10-19,سكني,شقة,219,32994,150,الرياض,الصفاء,12
2026-06-01,سكني,شقة,312,25000,80,الرياض,الصفاء,12
2026-01-06,سكني,شقة,282,9050,32,الرياض,الصفاء,12
2026-04-15,سكني,شقة,375,30000,80,الرياض,الصفاء,12
2026-02-13,سكني,شقة,171,10300,60,الرياض,الصفاء,12
2025-08-03,سكني,شقة,250,30000,120,الرياض,الصفاء,12
2026-04-01,سكني,شقة,382,44000,115,الرياض,الصفاء,12
2026-01-13,سكني,شقة,150,15000,100,الرياض,الصفاء,12
2025-08-30,سكني,شقة,125,25000,200,الرياض,الصفاء,12
2025-08-26,سكني,شقة,254,30500,120,الرياض,الصفاء,12
2025-09-17,سكني,شقة,240,38500,160,الرياض,الصفاء,12
2026-01-21,سكني,شقة,266,32000,120,الرياض,الصفاء,12
2026-03-02,سكني,شقة,283,28300,100,الرياض,الصفاء,12
2025-09-17,سكني,شقة,303,35694,144,الرياض,الصفاء,60
2025-09-17,سكني,شقة,303,35694,100,الرياض,الصفاء,60
2025-09-17,سكني,شقة,303,35694,120,الرياض,الصفاء,60
2025-09-17,سكني,شقة,293,37479,140,الرياض,الصفاء,60
2026-06-17,سكني,شقة,294,41176,140,الرياض,الصفاء,60
2025-09-17,سكني,شقة,293,37479,120,الرياض,الصفاء,60
2026-06-17,سكني,شقة,294,35294,120,الرياض,الصفاء,60
2025-09-17,سكني,شقة,293,37479,130,الرياض,الصفاء,60
2026-06-17,سكني,شقة,294,38235,130,الرياض,الصفاء,60
2025-09-17,سكني,شقة,303,35694,110,الرياض,الصفاء,60
2025-09-17,سكني,شقة,303,35694,130,الرياض,الصفاء,60
2025-12-03,سكني,شقة,360,36000,100,الرياض,الصفاء,12
2026-07-01,سكني,شقة,320,32000,100,الرياض,الصفاء,12
2026-06-01,سكني,شقة,243,19500,80,الرياض,الصفاء,12
2026-04-02,سكني,شقة,272,30000,110,الرياض,الصفاء,12
2026-03-11,سكني,شقة,50,5000,100,الرياض,الصفاء,12
2026-01-01,سكني,شقة,187,15000,80,الرياض,الصفاء,12
2026-03-04,سكني,شقة,240,24000,100,الرياض,الصفاء,12
2026-02-03,سكني,شقة,104,12500,120,الرياض,الصفاء,12
2026-05-27,سكني,شقة,144,21600,150,الرياض,الصفاء,12
2026-02-02,سكني,شقة,104,12500,120,الرياض,الصفاء,12
2026-02-19,سكني,شقة,375,15000,40,الرياض,الصفاء,12
2026-06-09,سكني,شقة,357,25000,70,الرياض,الصفاء,12
2025-08-30,سكني,شقة,400,48000,120,الرياض,الصفاء,12
2026-03-02,سكني,شقة,450,45000,100,الرياض,الصفاء,12
2026-02-16,سكني,شقة,189,26500,140,الرياض,الصفاء,12
2025-11-25,سكني,شقة,170,17000,100,الرياض,الصفاء,12
2025-08-05,سكني,شقة,600,12000,20,الرياض,الصفاء,12
2026-04-15,سكني,شقة,350,35000,100,الرياض,الصفاء,12
2026-01-01,سكني,شقة,176,8823,50,الرياض,الصفاء,36
2026-01-17,سكني,شقة,440,22000,50,الرياض,الصفاء,12
2026-01-01,سكني,شقة,176,7058,40,الرياض,الصفاء,36
2026-04-16,سكني,شقة,350,35000,100,الرياض,الصفاء,12
2026-01-08,سكني,شقة,222,20000,90,الرياض,الصفاء,12
2025-10-05,سكني,شقة,417,37600,90,الرياض,الصفاء,12
2025-12-30,سكني,شقة,417,37600,90,الرياض,الصفاء,12
2025-12-25,سكني,شقة,195,19500,100,الرياض,الصفاء,12
2026-01-10,سكني,شقة,416,62482,150,الرياض,الصفاء,6
2026-06-17,سكني,شقة,416,62482,150,الرياض,الصفاء,6
2025-12-28,سكني,شقة,220,22000,100,الرياض,الصفاء,12
2025-11-05,سكني,شقة,166,25000,150,الرياض,الصفاء,12
2025-11-01,سكني,شقة,120,24000,200,الرياض,الصفاء,12
2025-11-27,سكني,شقة,188,16999,90,الرياض,الصفاء,12
2025-12-18,سكني,شقة,340,30600,90,الرياض,الصفاء,12
2025-12-04,سكني,شقة,340,30600,90,الرياض,الصفاء,12
2026-04-18,سكني,شقة,355,32000,90,الرياض,الصفاء,12
2025-12-17,سكني,شقة,239,28788,120,الرياض,الصفاء,12
2026-01-01,سكني,شقة,300,18000,60,الرياض,الصفاء,12
2026-01-28,سكني,شقة,208,25000,120,الرياض,الصفاء,12
2026-06-01,سكني,شقة,505,30300,60,الرياض,الصفاء,12
2025-09-20,سكني,شقة,217,19535,90,الرياض,الصفاء,12
2026-05-02,سكني,شقة,266,24000,90,الرياض,الصفاء,12
2026-06-09,سكني,شقة,266,24000,90,الرياض,الصفاء,12
2026-05-20,سكني,شقة,288,26000,90,الرياض,الصفاء,12
2025-09-12,سكني,شقة,175,35000,200,الرياض,الصفاء,12
2025-12-12,سكني,شقة,285,20000,70,الرياض,الصفاء,12
2025-10-07,سكني,شقة,1350,27000,20,الرياض,الصفاء,12
2025-10-09,سكني,شقة,222,20000,90,الرياض,الصفاء,12
2026-03-07,سكني,شقة,400,40000,100,الرياض,الصفاء,12
2025-09-27,سكني,شقة,200,30000,150,الرياض,الصفاء,12
2025-10-12,سكني,شقة,363,40000,110,الرياض,الملك عبدالله,12
2025-09-10,سكني,شقة,307,43000,140,الرياض,الملك عبدالله,12
2026-03-25,سكني,شقة,316,38000,120,الرياض,الملك عبدالله,12
2026-01-13,سكني,شقة,409,45000,110,الرياض,الملك عبدالله,12
2025-08-16,سكني,شقة,158,13500,90,الرياض,الملك عبدالله,12
2025-08-16,سكني,شقة,158,13500,80,الرياض,الملك عبدالله,12
2025-11-07,سكني,شقة,327,36000,110,الرياض,الملك عبدالله,12
2025-11-20,سكني,شقة,209,23000,110,الرياض,الملك عبدالله,12
2025-08-12,سكني,شقة,412,33000,80,الرياض,الملك عبدالله,12
2025-09-20,سكني,شقة,300,45000,150,الرياض,الملك عبدالله,12
2025-12-24,سكني,شقة,326,49000,150,الرياض,الملك عبدالله,12
2025-12-08,سكني,شقة,326,49000,150,الرياض,الملك عبدالله,12
2025-11-12,سكني,شقة,320,48000,150,الرياض,الملك عبدالله,12
2025-10-27,سكني,شقة,283,42500,150,الرياض,الملك عبدالله,12
2025-12-31,سكني,شقة,326,49000,150,الرياض,الملك عبدالله,12
2026-04-15,سكني,شقة,326,49000,150,الرياض,الملك عبدالله,12
2025-09-16,سكني,شقة,333,50000,150,الرياض,الملك عبدالله,12
2026-04-22,سكني,شقة,333,50000,150,الرياض,الملك عبدالله,12
2025-09-17,سكني,شقة,326,49000,150,الرياض,الملك عبدالله,12
2026-04-22,سكني,شقة,326,49000,150,الرياض,الملك عبدالله,12
2025-12-28,سكني,شقة,357,50001,140,الرياض,الملك عبدالله,12
2026-04-14,سكني,شقة,320,48000,150,الرياض,الملك عبدالله,12
2025-11-25,سكني,شقة,313,47000,150,الرياض,الملك عبدالله,12
2026-06-01,سكني,شقة,314,47142,150,الرياض,الملك عبدالله,7
2025-08-04,سكني,شقة,320,48000,150,الرياض,الملك عبدالله,12
2026-05-01,سكني,شقة,320,48000,150,الرياض,الملك عبدالله,12
2026-05-01,سكني,شقة,272,49000,180,الرياض,الملك عبدالله,12
2025-09-22,سكني,شقة,310,46600,150,الرياض,الملك عبدالله,12
2025-11-09,سكني,شقة,327,42600,130,الرياض,الملك عبدالله,12
2025-11-22,سكني,شقة,380,45600,120,الرياض,الملك عبدالله,12
2025-11-16,سكني,شقة,304,42600,140,الرياض,الملك عبدالله,12
2025-12-24,سكني,شقة,327,42600,130,الرياض,الملك عبدالله,12
2025-10-22,سكني,شقة,284,42600,150,الرياض,الملك عبدالله,12
2025-09-25,سكني,شقة,350,45600,130,الرياض,الملك عبدالله,12
2025-10-27,سكني,شقة,380,45600,120,الرياض,الملك عبدالله,12
2025-11-02,سكني,شقة,387,42600,110,الرياض,الملك عبدالله,12
2025-09-22,سكني,شقة,304,45600,150,الرياض,الملك عبدالله,12
2025-12-21,سكني,شقة,380,45600,120,الرياض,الملك عبدالله,12
2026-05-16,سكني,شقة,320,48000,150,الرياض,الملك عبدالله,12
2025-10-09,سكني,شقة,441,48600,110,الرياض,الملك عبدالله,12
2025-09-14,سكني,شقة,304,45600,150,الرياض,الملك عبدالله,12
2025-09-30,سكني,شقة,299,41944,140,الرياض,الملك عبدالله,6
2026-01-07,سكني,شقة,292,41000,140,الرياض,الملك عبدالله,6
2025-11-29,سكني,شقة,312,40600,130,الرياض,الملك عبدالله,12
2026-05-01,سكني,شقة,333,42000,126,الرياض,الملك عبدالله,12
2025-11-26,سكني,شقة,92,36000,390,الرياض,الملك عبدالله,12
2025-08-09,سكني,شقة,320,32000,100,الرياض,الملك عبدالله,24
2026-01-30,سكني,شقة,314,40000,127,الرياض,الملك عبدالله,12
2025-08-27,سكني,شقة,232,36056,155,الرياض,الملك عبدالله,6
2025-12-30,سكني,شقة,228,35468,155,الرياض,الملك عبدالله,6
2025-12-08,سكني,شقة,220,30000,136,الرياض,الملك عبدالله,12
2026-05-04,سكني,شقة,347,40000,115,الرياض,الملك عبدالله,12
2026-01-03,سكني,شقة,296,40000,135,الرياض,الملك عبدالله,12
2025-08-08,سكني,شقة,239,33508,140,الرياض,الملك عبدالله,6
2025-11-26,سكني,شقة,214,30000,140,الرياض,الملك عبدالله,12
2025-10-21,سكني,شقة,270,40600,150,الرياض,الملك عبدالله,12
2025-12-01,سكني,شقة,377,46000,122,الرياض,الملك عبدالله,12
2025-12-26,سكني,شقة,333,30000,90,الرياض,الملك عبدالله,12
2025-11-05,سكني,شقة,333,40000,120,الرياض,الملك عبدالله,12
2025-08-21,سكني,شقة,558,67000,120,الرياض,الملك عبدالله,12
2025-08-21,سكني,شقة,633,76045,120,الرياض,الملك عبدالله,12
2026-01-30,سكني,شقة,231,60000,259,الرياض,الملك عبدالله,12
2026-03-02,سكني,شقة,346,45000,130,الرياض,الملك عبدالله,12
2026-02-19,سكني,شقة,384,50000,130,الرياض,الملك عبدالله,12
2025-11-04,سكني,شقة,368,40500,110,الرياض,الملك عبدالله,12
2025-11-17,سكني,شقة,368,40500,110,الرياض,الملك عبدالله,12
2025-08-16,سكني,شقة,304,36500,120,الرياض,الملك عبدالله,12
2026-03-09,سكني,شقة,294,35000,119,الرياض,الملك عبدالله,12
2025-12-03,سكني,شقة,376,35000,93,الرياض,الملك عبدالله,12
2026-04-07,سكني,شقة,314,45000,143,الرياض,الملك عبدالله,12
2026-04-01,سكني,شقة,288,45000,156,الرياض,الملك عبدالله,12
2025-12-29,سكني,شقة,380,45600,120,الرياض,الملك عبدالله,12
2025-12-03,سكني,شقة,386,55000,142,الرياض,الملك عبدالله,12
2026-05-16,سكني,شقة,371,51200,138,الرياض,الملك عبدالله,12
2026-01-11,سكني,شقة,240,24000,100,الرياض,الملك عبدالله,12
2026-04-02,سكني,شقة,326,49000,150,الرياض,الملك عبدالله,12
2025-09-03,سكني,شقة,333,40000,120,الرياض,الملك عبدالله,12
2025-12-27,سكني,شقة,270,40500,150,الرياض,الملك عبدالله,12
2025-09-16,سكني,شقة,455,41000,90,الرياض,الملك عبدالله,12
2025-09-25,سكني,شقة,260,26000,100,الرياض,الملك عبدالله,12
2025-10-07,سكني,شقة,596,77500,130,الرياض,الملك عبدالله,12
2025-09-02,سكني,شقة,344,43118,125,الرياض,الملك عبدالله,3
2025-11-27,سكني,شقة,344,43000,125,الرياض,الملك عبدالله,12
2025-09-14,سكني,شقة,235,30600,130,الرياض,الملك عبدالله,12
2026-04-01,سكني,شقة,382,65000,170,الرياض,الملك عبدالله,12
2025-09-02,سكني,شقة,269,43191,160,الرياض,الملك عبدالله,1
2026-01-17,سكني,شقة,409,45000,110,الرياض,الملك عبدالله,12
2025-12-28,سكني,شقة,362,45000,124,الرياض,الملك عبدالله,12
2025-09-23,سكني,شقة,304,45600,150,الرياض,الملك عبدالله,12
2025-08-14,سكني,شقة,546,71000,130,الرياض,الملك عبدالله,12
2026-02-15,سكني,شقة,330,45000,136,الرياض,الملك عبدالله,12
2026-07-07,سكني,شقة,264,39600,150,الرياض,القادسية,12
2026-06-01,سكني,شقة,240,28800,120,الرياض,القادسية,12
2026-02-25,سكني,شقة,833,50000,60,الرياض,القادسية,12
2026-02-03,سكني,شقة,576,28800,50,الرياض,القادسية,11
2026-07-06,سكني,شقة,300,36000,120,الرياض,القادسية,12
2026-03-07,سكني,شقة,133,29399,220,الرياض,القادسية,12
2026-01-20,سكني,شقة,350,28000,80,الرياض,القادسية,12
2026-01-21,سكني,شقة,300,30000,100,الرياض,القادسية,12
2026-04-01,سكني,شقة,266,32000,120,الرياض,القادسية,12
2026-02-19,سكني,شقة,500,30000,60,الرياض,القادسية,12
2026-06-01,سكني,شقة,500,30000,60,الرياض,القادسية,3
2026-01-31,سكني,شقة,250,15000,60,الرياض,القادسية,12
2026-07-08,سكني,شقة,600,30000,50,الرياض,القادسية,12
2026-06-01,سكني,شقة,600,30000,50,الرياض,القادسية,12
2026-06-01,سكني,شقة,300,30000,100,الرياض,القادسية,12
2026-07-02,سكني,شقة,600,30000,50,الرياض,القادسية,12
2026-06-22,سكني,شقة,600,30000,50,الرياض,القادسية,12
2026-02-19,سكني,شقة,182,26399,145,الرياض,القادسية,12
2026-06-27,سكني,شقة,225,36000,160,الرياض,القادسية,12
2026-01-19,سكني,شقة,240,24000,100,الرياض,القادسية,12
2026-02-23,سكني,شقة,258,30999,120,الرياض,القادسية,12
2026-02-27,سكني,شقة,200,24000,120,الرياض,القادسية,12
2026-05-02,سكني,شقة,266,40000,150,الرياض,القادسية,12
2026-02-24,سكني,شقة,250,30000,120,الرياض,القادسية,12
2026-03-15,سكني,شقة,123,16000,130,الرياض,القادسية,12
2026-02-06,سكني,شقة,675,27000,40,الرياض,القادسية,12
2026-06-28,سكني,شقة,200,24000,120,الرياض,القادسية,12
2026-05-27,سكني,شقة,343,27500,80,الرياض,القادسية,12
2026-06-28,سكني,شقة,163,18000,110,الرياض,القادسية,12
2026-01-13,سكني,شقة,250,30000,120,الرياض,القادسية,12
2026-01-07,سكني,شقة,187,30000,160,الرياض,القادسية,12
2026-04-20,سكني,شقة,187,30000,160,الرياض,القادسية,12
2026-01-26,سكني,شقة,216,21600,100,الرياض,القادسية,12
2026-02-27,سكني,شقة,312,31200,100,الرياض,القادسية,12
2026-05-08,سكني,شقة,240,33600,140,الرياض,القادسية,12
2026-05-01,سكني,شقة,266,40000,150,الرياض,القادسية,12
2026-01-29,سكني,شقة,322,34800,108,الرياض,القادسية,10
2026-03-01,سكني,شقة,166,25000,150,الرياض,القادسية,12
2026-05-01,سكني,شقة,250,30000,120,الرياض,القادسية,12
2026-04-28,سكني,شقة,322,31000,96,الرياض,القادسية,12
2026-04-16,سكني,شقة,152,30500,200,الرياض,القادسية,12
2026-02-15,سكني,شقة,340,30000,88,الرياض,القادسية,12
2026-01-29,سكني,شقة,409,36000,88,الرياض,القادسية,12
2026-01-04,سكني,شقة,268,36000,134,الرياض,القادسية,12
2026-04-27,سكني,شقة,298,29800,100,الرياض,القادسية,6
2026-03-03,سكني,شقة,325,32500,100,الرياض,القادسية,12
2026-01-27,سكني,شقة,207,27000,130,الرياض,القادسية,12
2026-01-08,سكني,شقة,253,38000,150,الرياض,القادسية,12
2026-06-28,سكني,شقة,184,24000,130,الرياض,القادسية,12
2026-03-27,سكني,شقة,250,30000,120,الرياض,القادسية,12
2026-03-27,سكني,شقة,437,30600,70,الرياض,القادسية,12
2026-06-01,سكني,شقة,428,30000,70,الرياض,القادسية,12
2026-04-01,سكني,شقة,224,33600,150,الرياض,القادسية,12
2026-02-20,سكني,شقة,132,25500,192,الرياض,القادسية,12
2026-01-31,سكني,شقة,240,24000,100,الرياض,القادسية,12
2026-06-02,سكني,شقة,652,30000,46,الرياض,القادسية,12
2026-02-08,سكني,شقة,400,40000,100,الرياض,القادسية,12
2026-05-01,سكني,شقة,186,28000,150,الرياض,القادسية,24
2026-05-01,سكني,شقة,67,25000,372,الرياض,القادسية,12
2026-01-26,سكني,شقة,300,30000,100,الرياض,القادسية,12
2026-06-03,سكني,شقة,346,51923,150,الرياض,القادسية,12
2026-05-27,سكني,شقة,288,28800,100,الرياض,القادسية,12
2026-01-08,سكني,شقة,250,25500,102,الرياض,القادسية,12
2026-01-27,سكني,شقة,195,23500,120,الرياض,القادسية,12
2026-03-13,سكني,شقة,110,9044,82,الرياض,القادسية,6
2026-03-27,سكني,شقة,200,30000,150,الرياض,القادسية,12
2026-05-10,سكني,شقة,250,30000,120,الرياض,القادسية,12
2026-03-14,سكني,شقة,203,30500,150,الرياض,القادسية,12
2026-06-11,سكني,شقة,50,10000,200,الرياض,القادسية,12
2026-06-25,سكني,شقة,230,23000,100,الرياض,القادسية,12
2026-04-27,سكني,شقة,360,36000,100,الرياض,القادسية,12
2026-05-27,سكني,شقة,360,36000,100,الرياض,القادسية,12
2026-03-03,سكني,شقة,316,38000,120,الرياض,القادسية,12
2026-04-27,سكني,شقة,280,28000,100,الرياض,القادسية,12
2026-07-07,سكني,شقة,333,20000,60,الرياض,القادسية,12
2025-09-06,سكني,شقة,477,43000,90,الرياض,القادسية,12
2025-08-12,سكني,شقة,380,45600,120,الرياض,القادسية,12
2025-08-24,سكني,شقة,315,41000,130,الرياض,القادسية,12
2025-11-04,سكني,شقة,312,30000,96,الرياض,القادسية,12
2025-08-27,سكني,شقة,300,36000,120,الرياض,القادسية,12
2025-12-16,سكني,شقة,203,30500,150,الرياض,القادسية,12
2025-09-06,سكني,شقة,203,30500,150,الرياض,القادسية,12
2025-08-19,سكني,شقة,258,33600,130,الرياض,القادسية,12
2025-10-01,سكني,شقة,156,15600,100,الرياض,القادسية,12
2025-10-06,سكني,شقة,471,33000,70,الرياض,القادسية,12
2025-09-14,سكني,شقة,300,30000,100,الرياض,القادسية,12
2025-08-05,سكني,شقة,300,30000,100,الرياض,القادسية,12
2025-09-04,سكني,شقة,600,30000,50,الرياض,القادسية,12
2025-08-11,سكني,شقة,600,30000,50,الرياض,القادسية,12
2025-08-11,سكني,شقة,300,30000,100,الرياض,القادسية,12
2025-09-01,سكني,شقة,600,30000,50,الرياض,القادسية,12
2025-10-26,سكني,شقة,460,27600,60,الرياض,القادسية,12
2025-08-23,سكني,شقة,600,30000,50,الرياض,القادسية,12
2025-12-29,سكني,شقة,222,15000,60,الرياض,القادسية,12
2025-12-06,سكني,شقة,500,30000,60,الرياض,القادسية,12
2025-12-29,سكني,شقة,222,15000,75,الرياض,القادسية,12
2025-08-26,سكني,شقة,224,26904,120,الرياض,القادسية,12
2025-08-11,سكني,شقة,225,36000,160,الرياض,القادسية,12
2025-10-15,سكني,شقة,250,30000,120,الرياض,القادسية,12
2025-09-14,سكني,شقة,375,30000,80,الرياض,القادسية,12
2025-12-08,سكني,شقة,250,30000,120,الرياض,القادسية,12
2025-09-17,سكني,شقة,300,30000,100,الرياض,القادسية,12
2025-09-04,سكني,شقة,432,43200,100,الرياض,القادسية,12
2025-09-04,سكني,شقة,199,29983,150,الرياض,القادسية,60
2025-11-17,سكني,شقة,165,26400,160,الرياض,القادسية,12
2025-10-02,سكني,شقة,345,20750,60,الرياض,القادسية,12
2025-08-24,سكني,شقة,216,21600,100,الرياض,القادسية,12
2025-11-23,سكني,شقة,280,33600,120,الرياض,القادسية,12
2025-12-25,سكني,شقة,200,20000,100,الرياض,القادسية,12
2025-12-21,سكني,شقة,60,24000,395,الرياض,القادسية,12
2025-11-11,سكني,شقة,300,30000,100,الرياض,القادسية,12
2025-12-24,سكني,شقة,350,24500,70,الرياض,القادسية,12
2025-08-19,سكني,شقة,192,28800,150,الرياض,القادسية,12
2025-12-25,سكني,شقة,240,24000,100,الرياض,القادسية,12
2025-08-03,سكني,شقة,151,25000,165,الرياض,القادسية,12
2025-11-16,سكني,شقة,320,32000,100,الرياض,القادسية,12
2025-08-19,سكني,شقة,293,26400,90,الرياض,القادسية,12
2025-11-26,سكني,شقة,135,15600,100,الرياض,القادسية,12
2025-10-03,سكني,شقة,200,30000,150,الرياض,القادسية,12
2025-08-05,سكني,شقة,373,33600,90,الرياض,القادسية,12
2025-08-12,سكني,شقة,360,36000,100,الرياض,القادسية,12
2025-08-16,سكني,شقة,330,33000,100,الرياض,القادسية,12
2026-06-25,سكني,شقة,400,40000,100,الرياض,الغدير,12
2026-05-15,سكني,شقة,325,45500,140,الرياض,الغدير,12
2026-05-01,سكني,شقة,325,45500,140,الرياض,الغدير,12
2026-01-12,سكني,شقة,307,40000,130,الرياض,الغدير,12
2026-01-30,سكني,شقة,403,60570,150,الرياض,الغدير,4
2026-02-08,سكني,شقة,266,40000,150,الرياض,الغدير,12
2026-05-15,سكني,شقة,285,40000,140,الرياض,الغدير,12
2026-07-02,سكني,شقة,333,40000,120,الرياض,الغدير,12
2026-07-11,سكني,شقة,388,35000,90,الرياض,الغدير,12
2026-07-11,سكني,شقة,286,43000,150,الرياض,الغدير,12
2026-07-02,سكني,شقة,266,40000,150,الرياض,الغدير,12
2026-05-15,سكني,شقة,266,40000,150,الرياض,الغدير,12
2026-01-26,سكني,شقة,266,40000,150,الرياض,الغدير,12
2026-02-19,سكني,شقة,270,40500,150,الرياض,الغدير,12
2026-02-08,سكني,شقة,278,39000,140,الرياض,الغدير,12
2026-01-01,سكني,شقة,333,40000,120,الرياض,الغدير,12
2026-05-04,سكني,شقة,458,55000,120,الرياض,الغدير,12
2026-07-03,سكني,شقة,416,50000,120,الرياض,الغدير,12
2026-07-04,سكني,شقة,395,47500,120,الرياض,الغدير,12
2026-05-27,سكني,شقة,458,55000,120,الرياض,الغدير,12
2026-01-04,سكني,شقة,366,55000,150,الرياض,الغدير,12
2026-03-07,سكني,شقة,300,45000,150,الرياض,الغدير,12
2026-06-14,سكني,شقة,333,50000,150,الرياض,الغدير,12
2026-02-08,سكني,شقة,400,40000,100,الرياض,الغدير,12
2026-01-05,سكني,شقة,366,55000,150,الرياض,الغدير,12
2026-01-13,سكني,شقة,366,55000,150,الرياض,الغدير,12
2026-01-07,سكني,شقة,303,45500,150,الرياض,الغدير,12
2026-03-07,سكني,شقة,303,45500,150,الرياض,الغدير,12
2026-04-09,سكني,شقة,366,55000,150,الرياض,الغدير,12
2026-05-15,سكني,شقة,333,50000,150,الرياض,الغدير,12
2026-01-09,سكني,شقة,366,55000,150,الرياض,الغدير,12
2026-01-25,سكني,شقة,333,50000,150,الرياض,الغدير,12
2026-05-01,سكني,شقة,366,55000,150,الرياض,الغدير,12
2026-07-11,سكني,شقة,366,55000,150,الرياض,الغدير,12
2026-02-13,سكني,شقة,400,60000,150,الرياض,الغدير,12
2026-01-18,سكني,شقة,366,55000,150,الرياض,الغدير,12
2026-06-01,سكني,شقة,400,60000,150,الرياض,الغدير,12
2026-07-07,سكني,شقة,285,40000,140,الرياض,الغدير,12
2026-03-08,سكني,شقة,400,80000,200,الرياض,الغدير,12
2026-06-02,سكني,شقة,307,40000,130,الرياض,الغدير,12
2026-01-13,سكني,شقة,379,45500,120,الرياض,الغدير,12
2026-02-19,سكني,شقة,233,35000,150,الرياض,الغدير,12
2026-05-01,سكني,شقة,265,26500,100,الرياض,الغدير,12
2026-07-11,سكني,شقة,235,40000,170,الرياض,الغدير,12
2026-01-08,سكني,شقة,333,50000,150,الرياض,الغدير,12
2026-04-01,سكني,شقة,333,50000,150,الرياض,الغدير,12
2026-05-01,سكني,شقة,300,45000,150,الرياض,الغدير,12
2026-02-19,سكني,شقة,300,45000,150,الرياض,الغدير,12
2026-01-09,سكني,شقة,333,50000,150,الرياض,الغدير,12
2026-04-01,سكني,شقة,366,55000,150,الرياض,الغدير,12
2026-01-18,سكني,شقة,375,60000,160,الرياض,الغدير,12
2026-01-08,سكني,شقة,400,60000,150,الرياض,الغدير,12
2026-06-01,سكني,شقة,366,55000,150,الرياض,الغدير,12
2026-01-05,سكني,شقة,400,60000,150,الرياض,الغدير,12
2026-05-01,سكني,شقة,343,55000,160,الرياض,الغدير,12
2026-07-02,سكني,شقة,366,55000,150,الرياض,الغدير,12
2026-01-19,سكني,شقة,300,45000,150,الرياض,الغدير,12
2026-01-19,سكني,شقة,375,45000,120,الرياض,الغدير,12
2026-01-12,سكني,شقة,333,50000,150,الرياض,الغدير,12
2026-01-30,سكني,شقة,300,45000,150,الرياض,الغدير,12
2026-05-20,سكني,شقة,400,60000,150,الرياض,الغدير,12
2026-02-19,سكني,شقة,276,36000,130,الرياض,الغدير,12
2026-01-07,سكني,شقة,300,36000,120,الرياض,الغدير,12
2026-05-01,سكني,شقة,257,36000,140,الرياض,الغدير,12
2026-06-01,سكني,شقة,300,36000,120,الرياض,الغدير,12
2026-02-21,سكني,شقة,333,40000,120,الرياض,الغدير,12
2026-01-01,سكني,شقة,266,40000,150,الرياض,الغدير,12
2026-05-01,سكني,شقة,333,40000,120,الرياض,الغدير,12
2026-01-02,سكني,شقة,300,45000,150,الرياض,الغدير,12
2026-07-05,سكني,شقة,250,30000,120,الرياض,الغدير,12
2026-06-01,سكني,شقة,450,45000,100,الرياض,الغدير,12
2026-02-15,سكني,شقة,357,50000,140,الرياض,الغدير,12
2026-05-01,سكني,شقة,270,40500,150,الرياض,الغدير,12
2026-05-25,سكني,شقة,337,40500,120,الرياض,الغدير,12
2026-02-19,سكني,شقة,290,43500,150,الرياض,الغدير,12
2026-06-15,سكني,شقة,253,40500,160,الرياض,الغدير,12
2026-02-13,سكني,شقة,270,40500,150,الرياض,الغدير,12
2026-02-18,سكني,شقة,362,43500,120,الرياض,الغدير,6
2026-07-11,سكني,شقة,270,40500,150,الرياض,الغدير,12
2026-01-26,سكني,شقة,300,48000,160,الرياض,الغدير,12
2026-03-28,سكني,شقة,276,47000,170,الرياض,الغدير,12
2026-02-06,سكني,شقة,246,37000,150,الرياض,المهدية,12
2026-06-01,سكني,شقة,252,24000,95,الرياض,المهدية,12
2025-12-06,سكني,شقة,100,15000,150,الرياض,المهدية,12
2026-05-04,سكني,شقة,54,6000,110,الرياض,المهدية,12
2025-10-22,سكني,شقة,227,25000,110,الرياض,المهدية,12
2025-08-29,سكني,شقة,225,24796,110,الرياض,المهدية,6
2025-10-30,سكني,شقة,227,25000,110,الرياض,المهدية,12
2026-03-19,سكني,شقة,200,36000,180,الرياض,المهدية,12
2025-12-26,سكني,شقة,253,38000,150,الرياض,المهدية,12
2026-05-27,سكني,شقة,360,36000,100,الرياض,المهدية,12
2025-11-06,سكني,شقة,280,28008,100,الرياض,المهدية,12
2025-08-06,سكني,شقة,125,25000,200,الرياض,المهدية,12
2025-08-06,سكني,شقة,545,30000,55,الرياض,المهدية,12
2025-09-04,سكني,شقة,145,32000,220,الرياض,المهدية,24
2025-08-23,سكني,شقة,450,50000,111,الرياض,المهدية,12
2026-04-01,سكني,شقة,240,36000,150,الرياض,المهدية,12
2025-12-12,سكني,شقة,321,45000,140,الرياض,المهدية,12
2026-03-07,سكني,شقة,240,24000,100,الرياض,المهدية,12
2025-12-01,سكني,شقة,500,75000,150,الرياض,المهدية,12
2025-10-23,سكني,شقة,200,30000,150,الرياض,المهدية,12
2025-11-10,سكني,شقة,274,38400,140,الرياض,المهدية,12
2025-11-17,سكني,شقة,159,35000,220,الرياض,المهدية,12
2025-11-06,سكني,شقة,241,35000,145,الرياض,المهدية,12
2026-04-29,سكني,شقة,225,27000,120,الرياض,المهدية,12
2025-08-04,سكني,شقة,153,23000,150,الرياض,المهدية,12
2025-08-05,سكني,شقة,284,27000,95,الرياض,المهدية,12
2025-12-30,سكني,شقة,280,35000,125,الرياض,المهدية,12
2025-08-28,سكني,شقة,192,24000,125,الرياض,المهدية,12
2025-12-31,سكني,شقة,214,30000,140,الرياض,المهدية,12
2025-10-10,سكني,شقة,306,30600,100,الرياض,المهدية,12
2025-10-31,سكني,شقة,266,40000,150,الرياض,المهدية,12
2025-08-07,سكني,شقة,171,24000,140,الرياض,المهدية,12
2026-01-27,سكني,شقة,240,24000,100,الرياض,المهدية,12
2025-10-16,سكني,شقة,126,33000,260,الرياض,المهدية,12
2025-08-06,سكني,شقة,250,35000,140,الرياض,المهدية,12
2025-10-24,سكني,شقة,304,38000,125,الرياض,المهدية,12
2025-11-27,سكني,شقة,30000,30000,100,الرياض,المهدية,12
2025-11-09,سكني,شقة,118,17100,144,الرياض,المهدية,12
2025-10-07,سكني,شقة,324,32489,100,الرياض,المهدية,6
2026-04-04,سكني,شقة,302,30200,100,الرياض,المهدية,6
2025-09-14,سكني,شقة,312,25000,80,الرياض,المهدية,12
2026-06-01,سكني,شقة,233,34800,149,الرياض,المهدية,12
2026-01-01,سكني,شقة,300,30000,100,الرياض,المهدية,12
2026-02-05,سكني,شقة,625,25000,40,الرياض,المهدية,12
2025-09-17,سكني,شقة,229,27500,120,الرياض,المهدية,12
2025-11-23,سكني,شقة,163,36000,220,الرياض,المهدية,12
2025-11-21,سكني,شقة,230,29979,130,الرياض,المهدية,48
2026-05-05,سكني,شقة,250,40000,160,الرياض,المهدية,12
2026-02-16,سكني,شقة,350,35000,100,الرياض,المهدية,12
2026-04-26,سكني,شقة,388,35000,90,الرياض,المهدية,12
2025-11-15,سكني,شقة,390,31200,80,الرياض,المهدية,12
2025-08-26,سكني,شقة,147,21800,148,الرياض,المهدية,12
2026-01-14,سكني,شقة,177,32000,180,الرياض,المهدية,12
2026-01-05,سكني,شقة,166,30000,180,الرياض,المهدية,12
2026-06-01,سكني,شقة,200,24000,120,الرياض,المهدية,12
2025-12-03,سكني,شقة,170,20400,120,الرياض,المهدية,12
2026-03-16,سكني,شقة,190,22800,120,الرياض,المهدية,12
2026-03-01,سكني,شقة,175,21000,120,الرياض,المهدية,12
2026-01-05,سكني,شقة,178,21421,120,الرياض,المهدية,12
2025-08-15,سكني,شقة,350,28000,80,الرياض,المهدية,12
2026-04-22,سكني,شقة,166,25000,150,الرياض,المهدية,12
2026-02-20,سكني,شقة,169,22000,130,الرياض,المهدية,12
2025-12-07,سكني,شقة,100,10000,100,الرياض,المهدية,12
2025-10-19,سكني,شقة,220,33000,150,الرياض,المهدية,12
2025-08-21,سكني,شقة,266,32000,120,الرياض,المهدية,12
2025-08-31,سكني,شقة,171,33000,192,الرياض,المهدية,12
2026-03-01,سكني,شقة,275,33000,120,الرياض,المهدية,12
2025-11-06,سكني,شقة,360,36001,100,الرياض,المهدية,12
2025-10-02,سكني,شقة,214,30000,140,الرياض,المهدية,12
2026-05-28,سكني,شقة,300,30000,100,الرياض,المهدية,12
2025-08-31,سكني,شقة,307,40000,130,الرياض,المهدية,12
2026-02-18,سكني,شقة,416,25000,60,الرياض,المهدية,12
2025-08-05,سكني,شقة,208,25000,120,الرياض,المهدية,12
2026-04-15,سكني,شقة,342,24000,70,الرياض,المهدية,12
2026-06-01,سكني,شقة,213,32000,150,الرياض,المهدية,12
2026-01-31,سكني,شقة,292,38000,130,الرياض,المهدية,12
2025-08-14,سكني,شقة,165,24000,145,الرياض,المهدية,12
2025-12-24,سكني,شقة,269,35000,130,الرياض,المهدية,12
2026-04-10,سكني,شقة,400,40000,100,الرياض,المهدية,12
2026-03-28,سكني,شقة,300,30000,100,الرياض,المهدية,12
2026-07-01,سكني,شقة,300,60000,200,الرياض,حطين,10
2026-07-01,سكني,شقة,316,63250,200,الرياض,حطين,12
2026-07-01,سكني,شقة,331,59724,180,الرياض,حطين,9
2026-03-01,سكني,شقة,361,64999,180,الرياض,حطين,12
2026-04-01,سكني,شقة,325,65000,200,الرياض,حطين,12
2026-07-01,سكني,شقة,331,66360,200,الرياض,حطين,9
2026-03-26,سكني,شقة,325,65000,200,الرياض,حطين,12
2026-02-19,سكني,شقة,400,40000,100,الرياض,حطين,12
2026-04-01,سكني,شقة,200,32000,160,الرياض,حطين,12
2026-02-09,سكني,شقة,280,42000,150,الرياض,حطين,12
2026-02-06,سكني,شقة,260,42000,161,الرياض,حطين,12
2026-05-09,سكني,شقة,365,36500,100,الرياض,حطين,12
2026-06-23,سكني,شقة,272,30000,110,الرياض,حطين,12
2026-02-11,سكني,شقة,300,30000,100,الرياض,حطين,12
2026-03-03,سكني,شقة,420,48300,115,الرياض,حطين,12
2026-02-14,سكني,شقة,410,53300,130,الرياض,حطين,3
2026-05-16,سكني,شقة,410,53300,130,الرياض,حطين,3
2026-02-18,سكني,شقة,417,54300,130,الرياض,حطين,12
2026-01-10,سكني,شقة,463,60300,130,الرياض,حطين,12
2026-04-18,سكني,شقة,483,48300,100,الرياض,حطين,12
2026-01-06,سكني,شقة,457,50300,110,الرياض,حطين,12
2026-02-19,سكني,شقة,466,51300,110,الرياض,حطين,12
2026-07-11,سكني,شقة,203,30575,150,الرياض,حطين,12
2026-05-01,سكني,شقة,270,40575,150,الرياض,حطين,12
2026-04-30,سكني,شقة,387,15500,40,الرياض,حطين,12
2026-02-19,سكني,شقة,392,60000,153,الرياض,حطين,12
2026-02-01,سكني,شقة,420,42000,100,الرياض,حطين,12
2026-02-11,سكني,شقة,266,40000,150,الرياض,حطين,12
2026-02-05,سكني,شقة,460,46000,100,الرياض,حطين,12
2026-01-27,سكني,شقة,415,54000,130,الرياض,حطين,12
2026-04-05,سكني,شقة,216,65000,300,الرياض,حطين,12
2026-06-01,سكني,شقة,142,20000,140,الرياض,حطين,12
2026-05-10,سكني,شقة,320,80000,250,الرياض,حطين,12
2026-01-02,سكني,شقة,450,45000,100,الرياض,حطين,12
2026-04-29,سكني,شقة,416,50000,120,الرياض,حطين,12
2026-04-21,سكني,شقة,607,56500,93,الرياض,حطين,12
2026-07-02,سكني,شقة,215,28000,130,الرياض,حطين,12
2026-02-25,سكني,شقة,406,65000,160,الرياض,حطين,6
2026-05-22,سكني,شقة,333,40000,120,الرياض,حطين,12
2026-07-02,سكني,شقة,400,40000,100,الرياض,حطين,12
2026-01-04,سكني,شقة,400,40000,100,الرياض,حطين,12
2026-06-03,سكني,شقة,250,45000,180,الرياض,حطين,12
2026-04-15,سكني,شقة,535,82499,154,الرياض,حطين,12
2026-02-19,سكني,شقة,488,65000,133,الرياض,حطين,12
2026-05-20,سكني,شقة,560,70000,125,الرياض,حطين,12
2026-06-03,سكني,شقة,560,70000,125,الرياض,حطين,12
2026-02-08,سكني,شقة,269,35000,130,الرياض,حطين,12
2026-07-02,سكني,شقة,492,65000,132,الرياض,حطين,12
2026-01-22,سكني,شقة,428,45000,105,الرياض,حطين,12
2026-05-17,سكني,شقة,402,50300,125,الرياض,حطين,12
2026-04-01,سكني,شقة,398,45000,113,الرياض,حطين,12
2026-06-03,سكني,شقة,538,70000,130,الرياض,حطين,12
2026-01-23,سكني,شقة,534,85000,159,الرياض,حطين,12
2026-04-01,سكني,شقة,160,24000,150,الرياض,حطين,12
2026-06-15,سكني,شقة,305,30500,100,الرياض,حطين,12
2026-06-03,سكني,شقة,363,54500,150,الرياض,حطين,36
2026-01-20,سكني,شقة,336,37000,110,الرياض,حطين,12
2026-01-06,سكني,شقة,275,27500,100,الرياض,حطين,12
2026-06-03,سكني,شقة,415,59000,142,الرياض,حطين,60
2026-02-10,سكني,شقة,441,53000,120,الرياض,حطين,12
2026-07-02,سكني,شقة,532,72999,137,الرياض,حطين,12
2026-04-23,سكني,شقة,438,59672,136,الرياض,حطين,6
2026-02-02,سكني,شقة,125,15000,120,الرياض,حطين,12
2026-04-26,سكني,شقة,300,30000,100,الرياض,حطين,12
2026-06-28,سكني,شقة,555,65000,117,الرياض,حطين,12
2026-05-10,سكني,شقة,391,64999,166,الرياض,حطين,12
2026-05-01,سكني,شقة,339,52000,153,الرياض,حطين,12
2026-05-01,سكني,شقة,250,50000,200,الرياض,حطين,12
2026-04-29,سكني,شقة,375,45000,120,الرياض,حطين,12
2026-01-18,سكني,شقة,458,55000,120,الرياض,حطين,36
2026-06-03,سكني,شقة,458,55000,120,الرياض,حطين,36
2026-03-01,سكني,شقة,333,40000,120,الرياض,حطين,12
2026-05-30,سكني,شقة,320,40000,125,الرياض,حطين,12
2026-05-20,سكني,شقة,375,45000,120,الرياض,حطين,12
2026-06-01,سكني,شقة,337,40500,120,الرياض,حطين,12
2026-04-15,سكني,شقة,376,49000,130,الرياض,حطين,12
2026-06-03,سكني,شقة,366,55000,150,الرياض,حطين,36
2026-02-19,سكني,شقة,205,35000,170,الرياض,النرجس,12
2025-12-24,سكني,شقة,312,39000,125,الرياض,النرجس,12
2025-12-30,سكني,شقة,223,38000,170,الرياض,النرجس,12
2026-02-03,سكني,شقة,342,48000,140,الرياض,النرجس,12
2026-02-27,سكني,شقة,323,42000,130,الرياض,النرجس,12
2025-12-31,سكني,شقة,400,56000,140,الرياض,النرجس,12
2026-02-10,سكني,شقة,287,46000,160,الرياض,النرجس,12
2026-03-10,سكني,شقة,255,46000,180,الرياض,النرجس,12
2026-02-03,سكني,شقة,306,46000,150,الرياض,النرجس,12
2025-08-03,سكني,شقة,283,51000,180,الرياض,النرجس,12
2025-12-02,سكني,شقة,176,30000,170,الرياض,النرجس,12
2025-08-11,سكني,شقة,437,42000,96,الرياض,النرجس,12
2026-06-01,سكني,شقة,392,40000,102,الرياض,النرجس,12
2025-09-30,سكني,شقة,357,45000,126,الرياض,النرجس,12
2026-04-21,سكني,شقة,349,44000,126,الرياض,النرجس,12
2026-01-23,سكني,شقة,364,35000,96,الرياض,النرجس,12
2026-01-07,سكني,شقة,310,36000,116,الرياض,النرجس,12
2026-03-14,سكني,شقة,277,35000,126,الرياض,النرجس,12
2026-01-19,سكني,شقة,375,42000,112,الرياض,النرجس,12
2025-12-21,سكني,شقة,296,32000,108,الرياض,النرجس,12
2025-12-29,سكني,شقة,296,32000,108,الرياض,النرجس,12
2026-04-27,سكني,شقة,302,29000,96,الرياض,النرجس,12
2025-09-06,سكني,شقة,367,51422,140,الرياض,النرجس,6
2026-03-01,سكني,شقة,357,50000,140,الرياض,النرجس,6
2026-04-08,سكني,شقة,333,40000,120,الرياض,النرجس,12
2026-02-25,سكني,شقة,250,30000,120,الرياض,النرجس,12
2025-12-28,سكني,شقة,313,40700,130,الرياض,النرجس,12
2025-09-24,سكني,شقة,289,40500,140,الرياض,النرجس,12
2026-01-24,سكني,شقة,291,35000,120,الرياض,النرجس,12
2025-08-26,سكني,شقة,337,40500,120,الرياض,النرجس,12
2025-10-01,سكني,شقة,337,40500,120,الرياض,النرجس,12
2025-08-26,سكني,شقة,311,40500,130,الرياض,النرجس,12
2026-03-25,سكني,شقة,291,35000,120,الرياض,النرجس,12
2026-04-25,سكني,شقة,333,40000,120,الرياض,النرجس,12
2025-12-25,سكني,شقة,273,35500,130,الرياض,النرجس,12
2026-02-08,سكني,شقة,250,30000,120,الرياض,النرجس,12
2026-05-18,سكني,شقة,262,42000,160,الرياض,النرجس,12
2026-05-05,سكني,شقة,373,43000,115,الرياض,النرجس,12
2025-09-06,سكني,شقة,528,37000,70,الرياض,النرجس,12
2025-11-02,سكني,شقة,368,40500,110,الرياض,النرجس,12
2026-05-01,سكني,شقة,333,50000,150,الرياض,النرجس,12
2025-12-10,سكني,شقة,360,36000,100,الرياض,النرجس,12
2026-05-15,سكني,شقة,562,45000,80,الرياض,النرجس,12
2026-06-01,سكني,شقة,357,51500,144,الرياض,النرجس,12
2026-04-01,سكني,شقة,363,42500,117,الرياض,النرجس,12
2026-05-15,سكني,شقة,250,42000,168,الرياض,النرجس,12
2026-02-16,سكني,شقة,346,45000,130,الرياض,النرجس,12
2026-02-20,سكني,شقة,510,51000,100,الرياض,النرجس,12
2025-08-15,سكني,شقة,365,43800,120,الرياض,النرجس,12
2026-03-30,سكني,شقة,383,46000,120,الرياض,النرجس,12
2026-04-01,سكني,شقة,314,55000,175,الرياض,النرجس,12
2025-09-10,سكني,شقة,459,50500,110,الرياض,النرجس,12
2025-08-12,سكني,شقة,583,35001,60,الرياض,النرجس,12
2026-01-25,سكني,شقة,450,45000,100,الرياض,النرجس,12
2026-04-01,سكني,شقة,407,55000,135,الرياض,النرجس,12
2026-02-19,سكني,شقة,461,60000,130,الرياض,النرجس,12
2025-08-05,سكني,شقة,458,55000,120,الرياض,النرجس,12
2026-01-26,سكني,شقة,280,28000,100,الرياض,النرجس,6
2026-05-03,سكني,شقة,460,46000,100,الرياض,النرجس,12
2026-03-04,سكني,شقة,333,45000,135,الرياض,النرجس,12
2025-08-03,سكني,شقة,297,35700,120,الرياض,النرجس,12
2026-02-12,سكني,شقة,255,40850,160,الرياض,النرجس,12
2026-03-02,سكني,شقة,246,32000,130,الرياض,النرجس,24
2025-09-15,سكني,شقة,792,39600,50,الرياض,النرجس,12
2026-02-19,سكني,شقة,783,47000,60,الرياض,النرجس,12
2026-01-30,سكني,شقة,1050,42000,40,الرياض,النرجس,12
2025-10-01,سكني,شقة,500,45000,90,الرياض,النرجس,12
2025-08-10,سكني,شقة,358,43000,120,الرياض,النرجس,12
2025-08-28,سكني,شقة,391,47000,120,الرياض,النرجس,12
2026-05-08,سكني,شقة,233,42000,180,الرياض,النرجس,12
2026-05-31,سكني,شقة,418,46000,110,الرياض,النرجس,12
2025-09-15,سكني,شقة,390,43000,110,الرياض,النرجس,12
2025-10-05,سكني,شقة,391,47000,120,الرياض,النرجس,12
2025-12-02,سكني,شقة,216,54000,250,الرياض,النرجس,12
2025-12-25,سكني,شقة,506,60800,120,الرياض,النرجس,12
2025-08-25,سكني,شقة,345,38000,110,الرياض,النرجس,12
2025-12-11,سكني,شقة,345,38000,110,الرياض,النرجس,12
2025-08-23,سكني,شقة,318,35000,110,الرياض,النرجس,12
2026-01-12,سكني,شقة,318,35000,110,الرياض,النرجس,12
2025-09-21,سكني,شقة,239,35900,150,الرياض,النرجس,12
2025-11-01,سكني,شقة,239,35950,150,الرياض,النرجس,12
2026-04-10,سكني,شقة,363,40000,110,الرياض,النرجس,12
2026-01-20,سكني,شقة,281,31000,110,الرياض,النرجس,12
2025-09-04,سكني,شقة,162,24400,150,الرياض,النرجس,12
2026-03-10,سكني,شقة,180,18000,100,الرياض,الشفاء,12
2026-07-02,سكني,شقة,175,21000,120,الرياض,الشفاء,12
2026-01-18,سكني,شقة,137,16500,120,الرياض,الشفاء,12
2026-06-28,سكني,شقة,165,16500,100,الرياض,الشفاء,12
2026-05-04,سكني,شقة,235,23500,100,الرياض,الشفاء,12
2026-06-22,سكني,شقة,170,20500,120,الرياض,الشفاء,12
2026-06-20,سكني,شقة,165,16500,100,الرياض,الشفاء,12
2026-06-26,سكني,شقة,186,20500,110,الرياض,الشفاء,12
2026-06-06,سكني,شقة,186,20500,110,الرياض,الشفاء,12
2026-01-23,سكني,شقة,186,20500,110,الرياض,الشفاء,12
2026-06-05,سكني,شقة,190,19000,100,الرياض,الشفاء,12
2026-07-02,سكني,شقة,250,20000,80,الرياض,الشفاء,12
2026-05-20,سكني,شقة,206,16500,80,الرياض,الشفاء,12
2026-03-17,سكني,شقة,214,12000,56,الرياض,الشفاء,12
2026-02-03,سكني,شقة,171,12000,70,الرياض,الشفاء,12
2026-01-08,سكني,شقة,140,14000,100,الرياض,الشفاء,12
2026-04-12,سكني,شقة,250,16500,66,الرياض,الشفاء,12
2026-01-01,سكني,شقة,235,16500,70,الرياض,الشفاء,12
2026-02-20,سكني,شقة,133,17300,130,الرياض,الشفاء,12
2026-04-01,سكني,شقة,133,17300,130,الرياض,الشفاء,12
2026-05-21,سكني,شقة,220,22000,100,الرياض,الشفاء,12
2026-07-11,سكني,شقة,416,50000,120,الرياض,الشفاء,12
2026-04-11,سكني,شقة,375,45000,120,الرياض,الشفاء,12
2026-02-09,سكني,شقة,150,15000,100,الرياض,الشفاء,12
2026-01-05,سكني,شقة,150,18000,120,الرياض,الشفاء,12
2026-02-08,سكني,شقة,200,21000,105,الرياض,الشفاء,12
2026-02-20,سكني,شقة,80,4000,50,الرياض,الشفاء,12
2026-02-06,سكني,شقة,390,19500,50,الرياض,الشفاء,12
2026-07-05,سكني,شقة,113,17000,150,الرياض,الشفاء,12
2026-04-07,سكني,شقة,155,13999,90,الرياض,الشفاء,12
2026-07-04,سكني,شقة,157,22000,140,الرياض,الشفاء,12
2026-03-08,سكني,شقة,145,20400,140,الرياض,الشفاء,12
2026-06-05,سكني,شقة,155,18600,120,الرياض,الشفاء,12
2026-05-10,سكني,شقة,100,12000,120,الرياض,الشفاء,12
2026-05-01,سكني,شقة,117,20000,170,الرياض,الشفاء,12
2026-01-14,سكني,شقة,155,18600,120,الرياض,الشفاء,12
2026-07-04,سكني,شقة,161,18600,115,الرياض,الشفاء,12
2026-07-02,سكني,شقة,141,17000,120,الرياض,الشفاء,12
2026-07-02,سكني,شقة,146,20500,140,الرياض,الشفاء,12
2026-02-19,سكني,شقة,160,22500,140,الرياض,الشفاء,12
2026-01-11,سكني,شقة,152,16800,110,الرياض,الشفاء,12
2026-04-10,سكني,شقة,250,25000,100,الرياض,الشفاء,12
2026-02-02,سكني,شقة,230,23000,100,الرياض,الشفاء,12
2026-01-19,سكني,شقة,140,17000,121,الرياض,الشفاء,12
2026-05-02,سكني,شقة,140,17000,121,الرياض,الشفاء,12
2026-05-08,سكني,شقة,133,16000,120,الرياض,الشفاء,12
2026-04-30,سكني,شقة,180,18000,100,الرياض,الشفاء,12
2026-06-28,سكني,شقة,300,18000,60,الرياض,الشفاء,12
2026-05-10,سكني,شقة,150,18000,120,الرياض,الشفاء,12
2026-01-20,سكني,شقة,160,16000,100,الرياض,الشفاء,12
2026-04-19,سكني,شقة,175,14000,80,الرياض,الشفاء,12
2026-05-26,سكني,شقة,144,18000,125,الرياض,الشفاء,12
2026-04-20,سكني,شقة,257,18000,70,الرياض,الشفاء,12
2026-04-03,سكني,شقة,275,22000,80,الرياض,الشفاء,12
2026-03-22,سكني,شقة,128,15369,120,الرياض,الشفاء,4
2026-03-05,سكني,شقة,380,38000,100,الرياض,الشفاء,12
2026-06-07,سكني,شقة,200,15000,75,الرياض,الشفاء,12
2026-04-12,سكني,شقة,150,12000,80,الرياض,الشفاء,12
2026-06-02,سكني,شقة,142,20000,140,الرياض,الشفاء,12
2026-06-20,سكني,شقة,85,12000,140,الرياض,الشفاء,12
2026-07-10,سكني,شقة,262,18350,70,الرياض,الشفاء,12
2026-03-02,سكني,شقة,56,14000,250,الرياض,الشفاء,12
2026-05-10,سكني,شقة,223,22300,100,الرياض,الشفاء,12
2026-04-09,سكني,شقة,153,23000,150,الرياض,الشفاء,12
2026-04-21,سكني,شقة,223,20127,90,الرياض,الشفاء,12
2026-06-30,سكني,شقة,150,18000,120,الرياض,الشفاء,12
2026-02-14,سكني,شقة,222,20000,90,الرياض,الشفاء,12
2026-04-22,سكني,شقة,116,14000,120,الرياض,الشفاء,12
2026-06-30,سكني,شقة,337,27000,80,الرياض,الشفاء,12
2026-04-01,سكني,شقة,204,20400,100,الرياض,الشفاء,12
2026-01-30,سكني,شقة,116,13000,112,الرياض,الشفاء,12
2026-01-28,سكني,شقة,150,18000,120,الرياض,الشفاء,12
2026-07-02,سكني,شقة,180,18000,100,الرياض,الشفاء,12
2026-01-18,سكني,شقة,265,26500,100,الرياض,الشفاء,12
2026-02-12,سكني,شقة,140,15500,110,الرياض,الشفاء,12
2026-06-25,سكني,شقة,120,18000,150,الرياض,الشفاء,12
2026-03-14,سكني,شقة,150,15000,100,الرياض,الشفاء,12
2026-06-01,سكني,شقة,80,12000,150,الرياض,الشفاء,12
2026-01-27,سكني,شقة,260,26000,100,الرياض,الشفاء,12
2026-05-02,سكني,شقة,195,19500,100,الرياض,الشفاء,12
2026-07-14,سكني,شقة,166,12500,75,الرياض,الشفاء,12
2026-02-17,سكني,شقة,363,24000,66,الرياض,الشفاء,12
2026-02-16,سكني,شقة,100,11000,110,الرياض,الشفاء,12
2026-01-11,سكني,شقة,47,8000,170,الرياض,الشفاء,12
2026-02-19,سكني,شقة,129,15499,120,الرياض,الشفاء,12
2026-04-17,سكني,شقة,114,16000,140,الرياض,الشفاء,12
2026-01-11,سكني,شقة,133,20000,150,الرياض,الشفاء,12
2026-05-24,سكني,شقة,155,18600,120,الرياض,الشفاء,12
2026-05-26,سكني,شقة,150,15000,100,الرياض,الشفاء,12
2026-06-15,سكني,شقة,192,24000,125,الرياض,الشفاء,12
2026-02-19,سكني,شقة,220,11000,50,الرياض,الشفاء,12
2026-04-18,سكني,شقة,108,13000,120,الرياض,الشفاء,12
2026-04-11,سكني,شقة,160,16000,100,الرياض,الشفاء,12
2026-02-09,سكني,شقة,66,8000,120,الرياض,الشفاء,12
2026-01-30,سكني,شقة,170,20500,120,الرياض,الشفاء,12
2026-04-28,سكني,شقة,160,20000,125,الرياض,الشفاء,12
2026-01-04,سكني,شقة,192,24000,125,الرياض,الشفاء,12
2026-01-02,سكني,شقة,180,18000,100,الرياض,الشفاء,12
2026-02-08,سكني,شقة,657,46000,70,الرياض,السليمانية,12
2026-02-25,سكني,شقة,410,41000,100,الرياض,السليمانية,12
2026-01-17,سكني,شقة,450,45000,100,الرياض,السليمانية,12
2026-02-19,سكني,شقة,500,50000,100,الرياض,السليمانية,12
2026-02-02,سكني,شقة,450,45000,100,الرياض,السليمانية,12
2026-05-22,سكني,شقة,455,45500,100,الرياض,السليمانية,12
2026-06-11,سكني,شقة,455,45500,100,الرياض,السليمانية,12
2026-02-18,سكني,شقة,416,50000,120,الرياض,السليمانية,12
2026-04-04,سكني,شقة,530,53000,100,الرياض,السليمانية,12
2026-01-04,سكني,شقة,250,25000,100,الرياض,السليمانية,12
2026-05-01,سكني,شقة,266,32000,120,الرياض,السليمانية,12
2026-07-14,سكني,شقة,366,33000,90,الرياض,السليمانية,12
2026-02-19,سكني,شقة,272,30000,110,الرياض,السليمانية,12
2026-07-02,سكني,شقة,370,37000,100,الرياض,السليمانية,12
2026-04-01,سكني,شقة,336,37000,110,الرياض,السليمانية,12
2026-05-12,سكني,شقة,370,37000,100,الرياض,السليمانية,12
2026-01-05,سكني,شقة,236,26000,110,الرياض,السليمانية,12
2026-02-02,سكني,شقة,260,26000,100,الرياض,السليمانية,12
2026-03-24,سكني,شقة,272,30000,110,الرياض,السليمانية,12
2026-02-19,سكني,شقة,300,30000,100,الرياض,السليمانية,12
2026-06-05,سكني,شقة,528,37000,70,الرياض,السليمانية,12
2026-01-16,سكني,شقة,550,55000,100,الرياض,السليمانية,12
2026-01-11,سكني,شقة,272,30000,110,الرياض,السليمانية,12
2026-02-04,سكني,شقة,272,30000,110,الرياض,السليمانية,12
2026-06-21,سكني,شقة,370,37000,100,الرياض,السليمانية,12
2026-07-12,سكني,شقة,370,37000,100,الرياض,السليمانية,12
2026-02-07,سكني,شقة,300,30000,100,الرياض,السليمانية,12
2026-02-04,سكني,شقة,300,30000,100,الرياض,السليمانية,12
2026-04-15,سكني,شقة,272,30000,110,الرياض,السليمانية,12
2026-02-04,سكني,شقة,411,37000,90,الرياض,السليمانية,6
2026-06-15,سكني,شقة,471,33000,70,الرياض,السليمانية,12
2026-01-05,سكني,شقة,325,26000,80,الرياض,السليمانية,12
2026-02-02,سكني,شقة,325,26000,80,الرياض,السليمانية,12
2026-05-10,سكني,شقة,412,33000,80,الرياض,السليمانية,12
2026-03-31,سكني,شقة,300,36000,120,الرياض,السليمانية,12
2026-07-02,سكني,شقة,366,37000,101,الرياض,السليمانية,12
2026-06-28,سكني,شقة,275,55000,200,الرياض,السليمانية,12
2026-06-26,سكني,شقة,250,50000,200,الرياض,السليمانية,12
2026-06-26,سكني,شقة,300,45000,150,الرياض,السليمانية,12
2026-02-02,سكني,شقة,562,45000,80,الرياض,السليمانية,12
2026-02-16,سكني,شقة,562,45000,80,الرياض,السليمانية,12
2026-07-11,سكني,شقة,450,45000,100,الرياض,السليمانية,12
2026-01-23,سكني,شقة,384,50000,130,الرياض,السليمانية,12
2026-06-11,سكني,شقة,600,60000,100,الرياض,السليمانية,12
2026-06-13,سكني,شقة,461,60000,130,الرياض,السليمانية,12
2026-05-17,سكني,شقة,461,60000,130,الرياض,السليمانية,12
2026-02-19,سكني,شقة,576,75000,130,الرياض,السليمانية,12
2026-02-03,سكني,شقة,500,65000,130,الرياض,السليمانية,12
2026-03-05,سكني,شقة,500,65000,130,الرياض,السليمانية,12
2026-07-02,سكني,شقة,888,40000,45,الرياض,السليمانية,12
2026-04-07,سكني,شقة,685,24000,35,الرياض,السليمانية,12
2026-06-18,سكني,شقة,560,25200,45,الرياض,السليمانية,12
2026-04-09,سكني,شقة,685,24000,35,الرياض,السليمانية,12
2026-03-01,سكني,شقة,690,34500,50,الرياض,السليمانية,12
2026-04-01,سكني,شقة,450,27000,60,الرياض,السليمانية,12
2026-02-19,سكني,شقة,227,25000,110,الرياض,السليمانية,12
2026-02-04,سكني,شقة,210,21000,100,الرياض,السليمانية,12
2026-02-04,سكني,شقة,230,23000,100,الرياض,السليمانية,12
2026-01-17,سكني,شقة,650,52000,80,الرياض,السليمانية,12
2026-01-11,سكني,شقة,650,52000,80,الرياض,السليمانية,12
2026-02-01,سكني,شقة,177,32000,180,الرياض,السليمانية,12
2026-01-20,سكني,شقة,172,31000,180,الرياض,السليمانية,12
2026-04-24,سكني,شقة,211,38000,180,الرياض,السليمانية,12
2026-05-15,سكني,شقة,400,40000,100,الرياض,السليمانية,12
2026-02-02,سكني,شقة,400,40000,100,الرياض,السليمانية,12
2026-05-15,سكني,شقة,313,30999,99,الرياض,السليمانية,12
2026-03-15,سكني,شقة,375,45000,120,الرياض,السليمانية,12
2026-05-10,سكني,شقة,270,45999,170,الرياض,السليمانية,12
2026-07-05,سكني,شقة,425,42500,100,الرياض,السليمانية,12
2026-03-13,سكني,شقة,400,40000,100,الرياض,السليمانية,12
2026-06-08,سكني,شقة,440,44000,100,الرياض,السليمانية,6
2026-06-13,سكني,شقة,441,44100,100,الرياض,السليمانية,12
2026-04-23,سكني,شقة,375,45000,120,الرياض,السليمانية,12
2026-05-01,سكني,شقة,625,31250,50,الرياض,السليمانية,12
2026-05-02,سكني,شقة,612,49000,80,الرياض,السليمانية,12
2026-01-06,سكني,شقة,275,33000,120,الرياض,السليمانية,12
2026-02-02,سكني,شقة,400,32000,80,الرياض,السليمانية,12
2026-01-27,سكني,شقة,275,33000,120,الرياض,السليمانية,12
2026-05-27,سكني,شقة,250,35000,140,الرياض,السليمانية,12
2026-06-16,سكني,شقة,366,33000,90,الرياض,السليمانية,12
2026-04-12,سكني,شقة,269,35000,130,الرياض,السليمانية,12
2025-08-18,سكني,شقة,240,24000,100,الرياض,عكاظ,12
2025-09-01,سكني,شقة,250,20000,80,الرياض,عكاظ,12
2026-05-01,سكني,شقة,2520,25200,10,الرياض,عكاظ,12
2025-10-27,سكني,شقة,333,20000,60,الرياض,عكاظ,12
2025-12-24,سكني,شقة,160,37000,230,الرياض,عكاظ,12
2026-03-26,سكني,شقة,240,24000,100,الرياض,عكاظ,12
2026-03-29,سكني,شقة,164,15000,91,الرياض,عكاظ,12
2026-01-29,سكني,شقة,157,15000,95,الرياض,عكاظ,12
2026-02-02,سكني,شقة,159,15000,94,الرياض,عكاظ,12
2025-10-05,سكني,شقة,157,17000,108,الرياض,عكاظ,12
2025-12-08,سكني,شقة,112,16300,145,الرياض,عكاظ,12
2025-10-02,سكني,شقة,117,16500,141,الرياض,عكاظ,12
2026-04-05,سكني,شقة,161,15999,99,الرياض,عكاظ,12
2025-12-08,سكني,شقة,138,16500,119,الرياض,عكاظ,12
2025-10-02,سكني,شقة,118,17000,143,الرياض,عكاظ,12
2026-04-01,سكني,شقة,964,55000,57,الرياض,عكاظ,12
2025-12-27,سكني,شقة,112,18000,160,الرياض,عكاظ,12
2025-11-19,سكني,شقة,220,22000,100,الرياض,عكاظ,12
2026-02-02,سكني,شقة,150,22500,150,الرياض,عكاظ,12
2026-02-26,سكني,شقة,333,20000,60,الرياض,عكاظ,12
2025-10-22,سكني,شقة,200,20000,100,الرياض,عكاظ,12
2025-10-22,سكني,شقة,310,15500,50,الرياض,عكاظ,12
2025-08-12,سكني,شقة,125,20000,160,الرياض,عكاظ,12
2025-10-15,سكني,شقة,142,20000,140,الرياض,عكاظ,12
2025-12-18,سكني,شقة,156,22000,140,الرياض,عكاظ,12
2026-02-19,سكني,شقة,146,22000,150,الرياض,عكاظ,12
2025-12-24,سكني,شقة,146,20500,140,الرياض,عكاظ,12
2026-03-27,سكني,شقة,250,25000,100,الرياض,عكاظ,12
2025-12-31,سكني,شقة,200,20000,100,الرياض,عكاظ,12
2025-08-05,سكني,شقة,200,24000,120,الرياض,عكاظ,12
2025-12-30,سكني,شقة,189,26500,140,الرياض,عكاظ,12
2025-08-04,سكني,شقة,240,24000,100,الرياض,عكاظ,12
2025-08-10,سكني,شقة,144,18000,125,الرياض,عكاظ,12
2025-08-24,سكني,شقة,100,15000,150,الرياض,عكاظ,12
2026-02-19,سكني,شقة,245,24500,100,الرياض,عكاظ,12
2025-12-01,سكني,شقة,252,25201,100,الرياض,عكاظ,12
2025-09-01,سكني,شقة,154,18500,120,الرياض,عكاظ,12
2025-10-23,سكني,شقة,194,17500,90,الرياض,عكاظ,12
2026-04-01,سكني,شقة,117,16500,140,الرياض,عكاظ,12
2026-04-01,سكني,شقة,205,18500,90,الرياض,عكاظ,12
2026-04-20,سكني,شقة,154,18500,120,الرياض,عكاظ,12
2026-02-01,سكني,شقة,100,15000,150,الرياض,عكاظ,12
2025-08-28,سكني,شقة,133,24000,180,الرياض,عكاظ,12
2025-11-11,سكني,شقة,130,26000,200,الرياض,عكاظ,12
2025-08-10,سكني,شقة,190,19000,100,الرياض,عكاظ,12
2026-01-08,سكني,شقة,183,22000,120,الرياض,عكاظ,12
2025-10-30,سكني,شقة,210,30500,145,الرياض,عكاظ,12
2025-10-27,سكني,شقة,207,29000,140,الرياض,عكاظ,12
2025-10-26,سكني,شقة,203,29500,145,الرياض,عكاظ,12
2025-09-01,سكني,شقة,196,28500,145,الرياض,عكاظ,12
2025-10-01,سكني,شقة,196,28500,145,الرياض,عكاظ,12
2025-10-26,سكني,شقة,210,30500,145,الرياض,عكاظ,12
2025-09-01,سكني,شقة,203,29500,145,الرياض,عكاظ,12
2025-10-26,سكني,شقة,193,32000,165,الرياض,عكاظ,12
2025-12-02,سكني,شقة,112,22500,200,الرياض,عكاظ,12
2026-02-03,سكني,شقة,76,10000,130,الرياض,عكاظ,12
2026-04-27,سكني,شقة,240,24000,100,الرياض,عكاظ,12
2025-09-09,سكني,شقة,175,21000,120,الرياض,عكاظ,12
2026-05-06,سكني,شقة,250,30000,120,الرياض,عكاظ,12
2025-08-28,سكني,شقة,190,19000,100,الرياض,عكاظ,12
2025-08-28,سكني,شقة,240,24000,100,الرياض,عكاظ,12
2025-08-31,سكني,شقة,220,22000,100,الرياض,عكاظ,12
2025-11-27,سكني,شقة,180,18000,100,الرياض,عكاظ,12
2025-09-21,سكني,شقة,140,14001,100,الرياض,عكاظ,12
2025-08-27,سكني,شقة,288,28800,100,الرياض,عكاظ,12
2025-08-10,سكني,شقة,225,22500,100,الرياض,عكاظ,12
2025-09-30,سكني,شقة,571,20000,35,الرياض,عكاظ,12
2025-08-05,سكني,شقة,250,30000,120,الرياض,عكاظ,12
2025-10-09,سكني,شقة,150,16500,110,الرياض,عكاظ,12
2025-09-17,سكني,شقة,166,20000,120,الرياض,عكاظ,12
2025-11-10,سكني,شقة,175,13500,77,الرياض,عكاظ,12
2025-08-24,سكني,شقة,84,16871,200,الرياض,عكاظ,6
2026-02-19,سكني,شقة,300,24000,80,الرياض,عكاظ,12
2025-09-02,سكني,شقة,195,19500,100,الرياض,عكاظ,12
2026-04-12,سكني,شقة,195,19500,100,الرياض,عكاظ,12
2025-09-16,سكني,شقة,215,21500,100,الرياض,عكاظ,12
2026-01-08,سكني,شقة,186,16000,86,الرياض,عكاظ,12
2025-09-05,سكني,شقة,225,22500,100,الرياض,عكاظ,12
2026-04-12,سكني,شقة,225,22500,100,الرياض,عكاظ,12
2026-01-31,سكني,شقة,168,25200,150,الرياض,عكاظ,12
2026-03-04,سكني,شقة,120,24000,200,الرياض,عكاظ,12
2025-11-23,سكني,شقة,184,24000,130,الرياض,عكاظ,12
2025-08-25,سكني,شقة,162,19500,120,الرياض,عكاظ,12
2025-11-16,سكني,شقة,123,16000,130,الرياض,عكاظ,12
2026-05-18,سكني,شقة,160,16000,100,الرياض,عكاظ,12
2025-12-15,سكني,شقة,200,24000,120,الرياض,عكاظ,12
2026-03-12,سكني,شقة,85,17000,200,الرياض,عكاظ,12
2025-11-15,سكني,شقة,150,15000,100,الرياض,عكاظ,12
2026-01-04,سكني,شقة,275,27500,100,الرياض,طيبة,12
2026-06-17,سكني,شقة,19,11818,600,الرياض,طيبة,12
2026-07-10,سكني,شقة,1000,20000,20,الرياض,طيبة,12
2026-01-30,سكني,شقة,265,26000,98,الرياض,طيبة,12
2026-01-07,سكني,شقة,80,12000,150,الرياض,طيبة,24
2026-06-25,سكني,شقة,80,24000,300,الرياض,طيبة,12
2026-02-27,سكني,شقة,440,22000,50,الرياض,طيبة,6
2026-03-01,سكني,شقة,100,12000,120,الرياض,طيبة,12
2026-01-13,سكني,شقة,97,27999,288,الرياض,طيبة,30
2026-04-08,سكني,شقة,100,18000,180,الرياض,طيبة,12
2026-03-11,سكني,شقة,34,10000,290,الرياض,طيبة,12
2026-01-13,سكني,شقة,88,16000,180,الرياض,طيبة,12
2026-03-27,سكني,شقة,156,15600,100,الرياض,طيبة,12
2026-01-10,سكني,شقة,374,26212,70,الرياض,طيبة,3
2026-04-10,سكني,شقة,374,26212,70,الرياض,طيبة,3
2026-04-03,سكني,شقة,60,12000,200,الرياض,طيبة,12
2026-02-01,سكني,شقة,171,24000,140,الرياض,طيبة,12
2026-02-19,سكني,شقة,52,13000,250,الرياض,طيبة,12
2026-01-30,سكني,شقة,100,25000,250,الرياض,طيبة,12
2026-02-19,سكني,شقة,222,20000,90,الرياض,طيبة,12
2026-03-01,سكني,شقة,195,19500,100,الرياض,طيبة,12
2026-04-13,سكني,شقة,350,35000,100,الرياض,طيبة,12
2026-02-14,سكني,شقة,200,25000,125,الرياض,طيبة,12
2026-02-08,سكني,شقة,87,7000,80,الرياض,طيبة,12
2026-02-11,سكني,شقة,21,8000,375,الرياض,طيبة,12
2026-02-17,سكني,شقة,270,27000,100,الرياض,طيبة,12
2026-01-12,سكني,شقة,200,20000,100,الرياض,طيبة,12
2026-01-12,سكني,شقة,180,18000,100,الرياض,طيبة,12
2026-04-06,سكني,شقة,83,15000,180,الرياض,طيبة,12
2026-04-12,سكني,شقة,200,20000,100,الرياض,طيبة,12
2026-02-02,سكني,شقة,94,18000,190,الرياض,طيبة,12
2026-01-05,سكني,شقة,250,25000,100,الرياض,طيبة,12
2026-02-04,سكني,شقة,270,27000,100,الرياض,طيبة,12
2026-02-02,سكني,شقة,300,30000,100,الرياض,طيبة,12
2026-01-03,سكني,شقة,171,24000,140,الرياض,طيبة,12
2026-01-03,سكني,شقة,184,24000,130,الرياض,طيبة,12
2026-01-27,سكني,شقة,200,20000,100,الرياض,طيبة,12
2026-01-24,سكني,شقة,250,25000,100,الرياض,طيبة,12
2026-01-20,سكني,شقة,200,20000,100,الرياض,طيبة,12
2026-01-14,سكني,شقة,208,25000,120,الرياض,طيبة,12
2026-02-03,سكني,شقة,320,16000,50,الرياض,طيبة,12
2026-01-18,سكني,شقة,410,41000,100,الرياض,طيبة,12
2026-02-04,سكني,شقة,310,31000,100,الرياض,طيبة,12
2026-01-22,سكني,شقة,190,19000,100,الرياض,طيبة,12
2026-02-17,سكني,شقة,312,31250,100,الرياض,طيبة,12
2026-01-05,سكني,شقة,280,28000,100,الرياض,طيبة,12
2026-07-11,سكني,شقة,250,35000,140,الرياض,طيبة,12
2026-01-29,سكني,شقة,210,21000,100,الرياض,طيبة,12
2026-03-10,سكني,شقة,108,18000,166,الرياض,طيبة,12
2026-04-07,سكني,شقة,208,25000,120,الرياض,طيبة,12
2026-04-20,سكني,شقة,45,18000,400,الرياض,طيبة,12
2026-04-22,سكني,شقة,60,18000,300,الرياض,طيبة,12
2026-04-01,سكني,شقة,169,20000,118,الرياض,طيبة,12
2026-04-01,سكني,شقة,300,30000,100,الرياض,طيبة,12
2026-03-05,سكني,شقة,150,15000,100,الرياض,طيبة,12
2026-04-17,سكني,شقة,270,27000,100,الرياض,طيبة,12
2026-04-01,سكني,شقة,270,27000,100,الرياض,طيبة,12
2026-06-23,سكني,شقة,280,28000,100,الرياض,طيبة,12
2026-03-05,سكني,شقة,160,16000,100,الرياض,طيبة,12
