listing_id,التوصية_النهائية,درجة_الثقة,سبب_التوصية_النهائية,url,district,price,area_sqm,rooms,bathrooms,yield_low_pct,price_per_sqm,ratio,title,direction,ضمن_الـ11_حي_التجريبية,livings,age_years,مؤثثة,رقم_التواصل,rent_low,rent_mid,rent_high,yield_mid_pct,yield_high_pct,strengths,risks,verdict_yield,verdict_yield_reason,ad_price_per_sqm,comparable_deals_count,comparable_median_price_per_sqm,verdict_price,verdict_price_reason,is_multi_unit,unit_label,llm_corrections,llm_notes,description
6692936,🟢 فرصة قوية,عالية,عائد إيجاري قوي، وسعر بيع عادل مقارنة بصفقات رسمية، وبدون أي تعارض بالبيانات,https://sa.aqar.fm/شقق-للبيع/الرياض/شرق-الرياض/حي-الصفا/حي-الصفاء-مدينة-الرياض-منطقة-الرياض-6692936,حي الصفا,790000.0,290.25,4.0,3.0,10.31,2842.0,0.81,"شقة للبيع في حي الصفاء, مدينة الرياض, منطقة الرياض",شرق الرياض,True,1.0,0.0,لا,508080959.0,85043,85043,85043,10.31,10.31,يوجد مصعد | يوجد موقف سيارة | كاميرات مراقبة | قريب من محطة مترو | قريب من مدارس | عقار جديد | يوجد سطح/ملحق | غرفة ماستر بحمام خاص | إطلالة مميزة,,🟢 Proceed,العائد من الإيجار وحده 10.3%,2842.0,154.0,3495.0,🟢 سعر عادل,سعر المتر ضمن نطاق صفقات مشابهة (81%),False,شقة مع سطح خاص - مشروع الصفاء 181,{},اختلاف في السعر: المسجل 825000 ريال بينما الوصف يذكر 790000 ريال. مساحة الأرض 290.25 م² ومساحة البناء 166.54 م².,"✴️شقة مع سطح خاص للبيع – مشروع الصفاء 181 ✴️

📍 الموقع: حي الصفاء–شارع محمد بن الهيثم
📅 العمر: جديد
📐 المساحة: 290.25 م²
🏗️ مسطح البناء: 166.54 م²

📎 مرفق فديو في الإعلان

🏡 المرافق 🏡
🚗 موقف سيارة خاص
🛋️ غرفة طعام+دورة مياه
🖼️ صالة+مطبخ+دورة مياه
🛏️ غرفة نوم ماستر بدورة مياه خاصة+مساحة خزائن
🛏️ غرفة نوم
🏢 سطح خاص
🌿حدائق
🛗مصعد

💡مميزات الموقع والمشروع💡
🚇 قريب من محطة المترو، مجمع رعاية الطبي، و مستشفى قوى الأمن
⚡ عداد كهرباء ومياه مستقل
🎥 أنظمة أمنية (كاميرات + دخول ذكي)
🏫 مدارس أهلية وحكومية قريبة
🛣️ قريب من مخرج 15 وطريق خريص
🛍️ مستشفى، مدارس، نوادي، كافيهات
🌄 إطلالة مفتوحة بدون أبراج قريبة
🧭 سهولة الوصول من عدة طرق رئيسية

✴️ Apartment with Private Rooftop for Sale –Safa 181 Project ✴️
📍Location:Al-Safa Area– Mohammed bin Al-Haytham Street
📅Brand New
📐Land Area:290.25m²
🏗️Built-up Area:166.54m²

📎A video is attached in the ad

📝Property Description

🏡Facilities
🚗Private Parking
🚽Dining Room+Guest Bathroom
🖼️Living Room+Kitchen
🛏️Master Bedroom with Private Bathroom
🛏️Additional Bedroom+Bathroom
🌿Gardens
🏢RoofTop
🛗 Elevator

💵 السعر/ Price 💵
790,000 ريال
سبع مائة وتسعون الف ريال
🌐 مساكن ركاز للعقارات وإدارة الأملاك-Msakin Rikaz Real Estate 🌐

📞أبو حمود: 0508080959 - English
📞أبو عمر: 0539559998 
📞أبو أحمد: 0501133379
📞أبو ابوراشد: 0581516171 
📞أبو سعود: 0573704030
💬واتساب مباشر: 0506656563"
6753503,🟢 فرصة قوية,عالية,عائد إيجاري قوي، وسعر بيع عادل مقارنة بصفقات رسمية، وبدون أي تعارض بالبيانات,https://sa.aqar.fm/شقق-للبيع/الرياض/جنوب-الرياض/حي-طيبة/شارع-الحارث-بن-زهرة-حي-طيبة-مدينة-الرياض-منطقة-الرياض-6753503,حي طيبة,670000.0,275.0,4.0,0.0,10.0,2000.0,0.62,"شقة للبيع في شارع الحارث بن زهرة, حي طيبة, مدينة الرياض, منطقة الرياض",جنوب الرياض,True,0.0,0.0,نعم,,55000,55000,55000,10.0,10.0,,,🟢 Proceed,العائد من الإيجار وحده 10.0%,2000.0,18.0,3208.0,🟢 سعر عادل,سعر المتر ضمن نطاق صفقات مشابهة (62%),True,دور أرضي تاون هاوس مؤثث,{},الإعلان يعرض عدة وحدات بأسعار مختلفة. السعر المسجل (550000) يطابق أدنى سعم للأدوار العلوية والدور الأرضي الثاني. الدور الأرضي الأول بسعر أعلى (670000). المساحات المذكورة (260-290 م²) تطابق تقريباً المساحة المسجلة. عدد الحمامات غير مذكور في الوصف.,"🏡 أسعار مخفضة لفترة محدودة

✨ دور أرضي تاون هاوس مؤثث بالكامل
✔️ مطبخ متكامل مع جميع الأجهزة الكهربائية
✔️ ثلاجات + ميكروويف + فرن
✔️ 4 غرف نوم مجهزة
✔️ صالات واسعة ومجالس أنيقة

💰 السعر: 670,000 ريال فقط

كما تتوفر:

🏠 أدوار علوية مع ملحق
💰 ابتداءً من 550,000 ريال

🏠 دور أرضي تاون هاوس
💰 ابتداءً من 550,000 ريال

📐 المساحات من 260م² إلى 290م²

🥇 فرصة ذهبية للتملك بأسعار استثنائية"
6753503,🟢 فرصة قوية,عالية,عائد إيجاري قوي، وسعر بيع عادل مقارنة بصفقات رسمية، وبدون أي تعارض بالبيانات,https://sa.aqar.fm/شقق-للبيع/الرياض/جنوب-الرياض/حي-طيبة/شارع-الحارث-بن-زهرة-حي-طيبة-مدينة-الرياض-منطقة-الرياض-6753503,حي طيبة,550000.0,275.0,4.0,0.0,10.0,2000.0,0.62,"شقة للبيع في شارع الحارث بن زهرة, حي طيبة, مدينة الرياض, منطقة الرياض",جنوب الرياض,True,0.0,0.0,نعم,,55000,55000,55000,10.0,10.0,,,🟢 Proceed,العائد من الإيجار وحده 10.0%,2000.0,18.0,3208.0,🟢 سعر عادل,سعر المتر ضمن نطاق صفقات مشابهة (62%),True,أدوار علوية مع ملحق,{},الإعلان يعرض عدة وحدات بأسعار مختلفة. السعر المسجل (550000) يطابق أدنى سعم للأدوار العلوية والدور الأرضي الثاني. الدور الأرضي الأول بسعر أعلى (670000). المساحات المذكورة (260-290 م²) تطابق تقريباً المساحة المسجلة. عدد الحمامات غير مذكور في الوصف.,"🏡 أسعار مخفضة لفترة محدودة

✨ دور أرضي تاون هاوس مؤثث بالكامل
✔️ مطبخ متكامل مع جميع الأجهزة الكهربائية
✔️ ثلاجات + ميكروويف + فرن
✔️ 4 غرف نوم مجهزة
✔️ صالات واسعة ومجالس أنيقة

💰 السعر: 670,000 ريال فقط

كما تتوفر:

🏠 أدوار علوية مع ملحق
💰 ابتداءً من 550,000 ريال

🏠 دور أرضي تاون هاوس
💰 ابتداءً من 550,000 ريال

📐 المساحات من 260م² إلى 290م²

🥇 فرصة ذهبية للتملك بأسعار استثنائية"
6753503,🟢 فرصة قوية,عالية,عائد إيجاري قوي، وسعر بيع عادل مقارنة بصفقات رسمية، وبدون أي تعارض بالبيانات,https://sa.aqar.fm/شقق-للبيع/الرياض/جنوب-الرياض/حي-طيبة/شارع-الحارث-بن-زهرة-حي-طيبة-مدينة-الرياض-منطقة-الرياض-6753503,حي طيبة,550000.0,275.0,4.0,0.0,10.0,2000.0,0.62,"شقة للبيع في شارع الحارث بن زهرة, حي طيبة, مدينة الرياض, منطقة الرياض",جنوب الرياض,True,0.0,0.0,نعم,,55000,55000,55000,10.0,10.0,,,🟢 Proceed,العائد من الإيجار وحده 10.0%,2000.0,18.0,3208.0,🟢 سعر عادل,سعر المتر ضمن نطاق صفقات مشابهة (62%),True,دور أرضي تاون هاوس,{},الإعلان يعرض عدة وحدات بأسعار مختلفة. السعر المسجل (550000) يطابق أدنى سعم للأدوار العلوية والدور الأرضي الثاني. الدور الأرضي الأول بسعر أعلى (670000). المساحات المذكورة (260-290 م²) تطابق تقريباً المساحة المسجلة. عدد الحمامات غير مذكور في الوصف.,"🏡 أسعار مخفضة لفترة محدودة

✨ دور أرضي تاون هاوس مؤثث بالكامل
✔️ مطبخ متكامل مع جميع الأجهزة الكهربائية
✔️ ثلاجات + ميكروويف + فرن
✔️ 4 غرف نوم مجهزة
✔️ صالات واسعة ومجالس أنيقة

💰 السعر: 670,000 ريال فقط

كما تتوفر:

🏠 أدوار علوية مع ملحق
💰 ابتداءً من 550,000 ريال

🏠 دور أرضي تاون هاوس
💰 ابتداءً من 550,000 ريال

📐 المساحات من 260م² إلى 290م²

🥇 فرصة ذهبية للتملك بأسعار استثنائية"
6747925,🟢 فرصة قوية,متوسطة,عائد إيجاري قوي، وسعر بيع عادل مقارنة بصفقات رسمية، وبدون أي تعارض بالبيانات,https://sa.aqar.fm/شقق-للبيع/الرياض/شرق-الرياض/حي-السعادة/شارع-البقيع-حي-السعادة-مدينة-الرياض-منطقة-الرياض-6747925,حي السعادة,500000.0,100.0,3.0,3.0,9.61,5000.0,0.87,"شقة للبيع في شارع البقيع, حي السعادة, مدينة الرياض, منطقة الرياض",شرق الرياض,False,1.0,0.0,لا,,48026,55777,62000,11.16,12.4,عقار جديد | مطبخ راكب | مكيفات مركّبة,,🟢 Proceed,العائد من الإيجار وحده 9.6%,5000.0,63.0,5763.0,🟢 سعر عادل,سعر المتر ضمن نطاق صفقات مشابهة (87%),False,شقة دور أرضي - حي السعادة,{},العقار جديد (عمر 0 سنة). يتضمن مطبخ راكب ومكيفات راكبة وعدادات مستقلة للكهرباء والماء,"يسرّنا أن نعرض لكم فرصة نادرة
شقة جديدة للبيع  حي السعادة دور ارضي تتكون من ٣ غرف وصالة و٣ دورات مياة مطبخ راكب مكيفات راكبة 
عداد كهرباء مستقبل عداد ماء مستقل"
6771787,🟢 فرصة قوية,عالية,عائد إيجاري قوي، وسعر بيع عادل مقارنة بصفقات رسمية، وبدون أي تعارض بالبيانات,https://sa.aqar.fm/شقق-للبيع/الرياض/جنوب-الرياض/حي-طيبة/شارع-الغزاله-حي-طيبة-مدينة-الرياض-منطقة-الرياض-6771787,حي طيبة,500000.0,227.0,4.0,4.0,9.08,2203.0,0.68,"شقة للبيع في شارع الغزاله, حي طيبة, مدينة الرياض, منطقة الرياض",جنوب الرياض,True,1.0,0.0,لا,,45400,45400,45400,9.08,9.08,قريب من طريق دائري رئيسي | قريب من مدارس | قريب من الخدمات | تشطيبات حديثة مذكورة | عقار جديد | تشطيب فاخر | مستوى راقٍ | يوجد ضمان,,🟢 Proceed,العائد من الإيجار وحده 9.1%,2203.0,30.0,3246.0,🟢 سعر عادل,سعر المتر ضمن نطاق صفقات مشابهة (68%),False,تاون هاوس فاخر في حي طيبة,{},العقار جديد (عمر 0 سنة)، يشمل دفعة أولى ورسوم إدارية بدون فوائد، قريب من المدارس والخدمات والمحطات,"ندفع الدفعه الاولى والرسوم الادارية بدون فوائد

للبيع تاون هاوس فاخر في حي طيبة 
تشطيب راقي وضمانات واشراف هندسي 
بنيه تحتية متكاملة 
بالقرب من الخدمات والمدارس ومحطه القطار والمدينة الصناعية الثانيه والدائري الجديد  
تبدأ الاسعار من 500 الف 
للتواصل على هذا الرقم ((الرقم يظهر عند الضغط على اتصال))"
6369836,🟢 فرصة قوية,متوسطة,عائد إيجاري قوي، وسعر بيع عادل مقارنة بصفقات رسمية، وبدون أي تعارض بالبيانات,https://sa.aqar.fm/شقق-للبيع/الرياض/شرق-الرياض/حي-الفيحاء/شارع-الرداح-حي-الفيحاء-مدينة-الرياض-منطقة-الرياض-6369836,حي الفيحاء,564000.0,131.0,3.0,3.0,8.93,4305.0,1.12,"شقة للبيع في شارع الرداح, حي الفيحاء, مدينة الرياض, منطقة الرياض",شرق الرياض,False,1.0,0.0,لا,,50393,68944,78254,12.22,13.87,يوجد مصعد | يوجد موقف سيارة | كاميرات مراقبة | تشطيب فاخر | يوجد سطح/ملحق | يوجد ضمان,,🟢 Proceed,العائد من الإيجار وحده 8.9%,4305.0,464.0,3838.0,🟢 سعر عادل,سعر المتر ضمن نطاق صفقات مشابهة (112%),False,شقة فاخرة في حي الفيحاء شرق الرياض,{},العقار جديد (عمر 0 سنة). الوصف يذكر أن بعض الشقق لها سطح خاص، لكن لا توجح تفاصيل إضافية تخالف البيانات المسجلة.,"🏢 شقة فاخرة في حي الفيحاء شرق الرياض

⏳ تصفية لفترة محدودة

🏡 تملك بدون سعي وبدون رسوم إفراغ

🔑 استلم مفتاحك بدون أي تكاليف مخفية

⸻

⭐ المميزات:

✅ نظام دفاع مدني (وقاية وحماية)
✅ عداد كهرباء 💡 ومياه 💧 مستقل
✅ عزل مائي وحراري 🛡
✅ موقف خاص 🚗 لكل شقة
✅ أنظمة أمنية (كاميرات 📹 + دخول ذكي 🔐)
✅ سطح خاص 🏠 لبعض الشقق
✅ زجاج دبل قلاس عازل 🪟
✅ دهانات داخلية من جوتن 🎨

⸻

🛡 الضمانات:

👷 إشراف هندسي
💧 ضمان أعمال العزل
🛗 ضمان المصعد
⚡ ضمان الكهرباء (الفنار 25 سنة)
🚰 ضمان السباكة (الأنابيب الخضراء 15 سنة)
📜 تأمين ملاذ (10 سنوات ضد العيوب الخفية)
🔌 ضمانات اكسسوارات الكهرباء
🚿 ضمانات المواد الصحية
🚪 ضمان الأبواب WPC

⸻

📲 للاتصال أو المراسلة واتساب عبر رقم الجوال التالي:
👉 ((رقم المعلن يظهر عند التواصل))

⸻"
6783178,🟡 تحتاج مراجعة,منخفضة,سعر البيع أعلى من صفقات رسمية مشابهة -- تفاوض على السعر قبل أي قرار,https://sa.aqar.fm/شقق-للبيع/الرياض/وسط-الرياض/حي-اليمامة/شارع-سعيد-بن-نافع-حي-اليمامة-مدينة-الرياض-منطقة-الرياض-6783178,حي اليمامة,320000.0,57.0,3.0,3.0,9.21,5614.0,1.36,"شقة للبيع في شارع سعيد بن نافع, حي اليمامة, مدينة الرياض, منطقة الرياض",وسط الرياض,False,1.0,5.0,لا,,29483,37844,43500,11.83,13.59,مطبخ راكب,,🟢 Proceed,العائد من الإيجار وحده 9.2%,5614.0,5.0,4123.0,🟡 مبالغ فيه,سعر المتر أعلى من صفقات مشابهة (136%) -- سعر غير تنافسي,False,شقة دور أرضي - حي اليمامة,{},الوصف يؤكد 3 غرف نوم وعداد كهرباء مستقل. لم يتم ذكر عدد الحمامات بالوصف رغم تسجيله 3 حمامات بالنظام. المساحة المسجلة 57م² لم يتم تأكيدها بالوصف.,"شقة للبيع بحي اليمامة
دور ارضي تتكون من:
ثلاث غرف نوم
 وصالة 
ومطبخ راكب 
عداد كهرباء مستقل
فرصة استثمارية مضمونة وسكن
حد ٣٢٠ الف تقبل بنك"
6771841,🟡 تحتاج مراجعة,منخفضة,السعر عادل، لكن فيه تعارض بين بيانات الإعلان والوصف -- تأكد من التفاصيل الفعلية,https://sa.aqar.fm/شقق-للبيع/الرياض/شرق-الرياض/حي-الجنادرية/حي-الجنادرية-مدينة-الرياض-منطقة-الرياض-6771841,حي الجنادرية,350000.0,84.0,3.0,2.0,9.08,4167.0,0.79,"شقة للبيع في حي الجنادرية, مدينة الرياض, منطقة الرياض",شرق الرياض,False,1.0,0.0,لا,,31778,36166,43038,10.33,12.3,يوجد سطح/ملحق | غرفة ماستر بحمام خاص | يوجد مجلس منفصل | يوجد ضمان,nan | تعارض بيانات اكتشفه التحليل الآلي: bathrooms=2.0 بالوصف (مسجّل عندنا 3.0),🟢 Proceed,العائد من الإيجار وحده 9.1%,4167.0,74.0,5272.0,🟢 سعر عادل,سعر المتر ضمن نطاق صفقات مشابهة (79%),False,شقة سكنية - حي الجنادرية,"{""bathrooms"": 2.0}",الوصف يذكر 2 دورة مياه لكن البيانات المسجلة تشير إلى 3 حمامات. العقار جديد (عمر 0 سنة).,"للبيع شقة سكنية بالرياض
حي الجنادرية مخطط بوابه الشرق
تتكون الشقة من :
-1-مجلس مؤسس + مع السطح
-2-صاله
-3-(2 دوره مياه)
-4- غرفتين نوم  احدهما غرفة نوم ماستر
-5- منور و غرفه مؤسس
مزايا:
ضمانات على السباكة و الكهرباء
شارع عرض : 15 م
رقم المخطط:3768
السعر ،350000 ريال

شركة سمة الوسيط للعقارية
رقم ترخيص الإعلان
7201021861
للتواصل
((((الرقم يظهر عند الضغط على اتصال))))"
6593317,🟡 تحتاج مراجعة,متوسطة,السعر عادل، لكن فيه تعارض بين بيانات الإعلان والوصف -- تأكد من التفاصيل الفعلية,https://sa.aqar.fm/شقق-للبيع/الرياض/جنوب-الرياض/حي-طيبة/شارع-رشاد-حي-طيبة-مدينة-الرياض-منطقة-الرياض-6593317,حي طيبة,450000.0,375.0,3.0,0.0,8.93,2239.0,0.68,"شقة للبيع في شارع رشاد, حي طيبة, مدينة الرياض, منطقة الرياض",جنوب الرياض,True,0.0,0.0,لا,,40200,40200,40200,8.93,8.93,خزانات مياه مستقلة | تشطيبات حديثة مذكورة | عقار جديد | مستوى راقٍ | واجهة شمالية | قابل للتمويل البنكي | يوجد ضمان,nan | تعارض بيانات اكتشفه التحليل الآلي: area_sqm=375 بالوصف (مسجّل عندنا 201.0),🟢 Proceed,العائد من الإيجار وحده 8.9%,2239.0,46.0,3300.0,🟢 سعر عادل,سعر المتر ضمن نطاق صفقات مشابهة (68%),False,شقة - حي طيبة,"{""area_sqm"": 375}",مساحة الوصف 375 م² تختلف عن المسجل 201 م². عدد الحمامات غير مذكور بالوصف. واجهة شمالية، شارع 15م، تشطيب ممتاز مع ضمانات شاملة.,"السلام عليكم ورحمه الله وبركاته 
أسعد الله أوقاتكم بكل خير عملائنا الكرام تقدم لكم شركه زوايه الابداع كل ماهوجديد في عالم العقار شقة….
مساحه 375 متر
السعر 450 الف 
واجهه شمالية 
شارع 15م
تشطيب ممتاز عليها كافه الضمانات من جميع التشطيبات العنوان حي طيبة
شغل راقي جدآ عليها اشراف هندسي دقيق ضمان من المالك مباشرة ضمنات سباكه كهرباء عوازل اساسات دهنات لمبات ابواب اقفال خزانات 
ويوجد عروض اخري بمساحات مختلفه واسعار متفاوته يوجد لدينا جميع الحلول التمويليه من البدايه حتي النهايه نسعي دائما لتوفير العقار المناسب 
توفير الدفعه الأولى مجانا 
سداد جميع المديونيات نتعامل مع جميع البنوك والشركات"
6731938,🟡 تحتاج مراجعة,منخفضة,السعر عادل، لكن فيه تعارض بين بيانات الإعلان والوصف -- تأكد من التفاصيل الفعلية,https://sa.aqar.fm/شقق-للبيع/الرياض/شرق-الرياض/حي-الرمال/شارع-البلقاء-حي-الرمال-مدينة-الرياض-منطقة-الرياض-6731938,حي الرمال,634000.0,133.0,3.0,3.0,8.87,4227.0,0.81,"شقة للبيع في شارع البلقاء, حي الرمال, مدينة الرياض, منطقة الرياض",شرق الرياض,False,1.0,0.0,لا,,56255,61896,65004,9.76,10.25,قريب من الخدمات | تشطيبات حديثة مذكورة | تشطيب فاخر,"nan | تعارض بيانات اكتشفه التحليل الآلي: area_sqm=133 بالوصف (مسجّل عندنا 150.0), rooms=3 بالوصف (مسجّل عندنا 4.0)",🟢 Proceed,العائد من الإيجار وحده 8.9%,4227.0,396.0,5193.0,🟢 سعر عادل,سعر المتر ضمن نطاق صفقات مشابهة (81%),False,شقة فاخرة في حي الرمال,"{""area_sqm"": 133, ""rooms"": 3}",تناقض في عدد الغرف: المسجل 4 غرف لكن الوصف يذكر 3 غرف نوم فقط. المساحة المسجلة 150م² لكن الوصف يذكر 133م².,"🏡 فرصة تملك مميزة في حي الرمال ✨

شقة فاخرة بمساحة 133م² بتصميم عملي ومريح للعائلة 👌

🔹 3 غرف نوم
🔹 صالة واسعة
🔹 تشطيبات ممتازة
🔹 موقع مميز بالقرب من جميع الخدمات

💰 السعر: 634,000 ريال فقط

إذا كنت تبحث عن سكن يجمع بين الراحة والسعر المناسب، فهذه فرصتك الآن!"
6474856,⚪ غير مكتمل,منخفضة,ما توفرت صفقات رسمية كافية للتحقق من عدالة السعر -- الحكم مبني على تقدير العائد فقط,https://sa.aqar.fm/شقق-للبيع/الرياض/شرق-الرياض/حي-المعيزلة/شارع-الرياحين-حي-المعيزيلة-مدينة-الرياض-منطقة-الرياض-6474856,حي المعيزلة,550000.0,139.0,4.0,3.0,9.23,3957.0,,"شقة للبيع في شارع الرياحين, حي المعيزيلة, مدينة الرياض, منطقة الرياض",شرق الرياض,False,1.0,0.0,لا,,50742,61576,71258,11.2,12.96,خزانات مياه مستقلة | قريب من الخدمات | مدخلين منفصلين | يوجد سطح/ملحق | يوجد مجلس منفصل | يوجد ضمان,,🟢 Proceed,العائد من الإيجار وحده 9.2%,,,,,,False,شقة مع سطح خاص بفيلا سكنية - حي المعيزلية,{},العقار جديد (عمر 0 سنة)، يتضمن سطح خاص، موقع مميز بالقرب من طريق خريص واستاد الملك فهد، ضمانات شاملة على جميع الأعمال,"▪️_للبيع شقه  مع السطح بفيلا  سكنيه تصميم عصري
▪️_حي المعيزليه شرق الرياض
▪️_موقع مميز بالقرب من جميع الخدمات 
▪️_بالقرب من طريق خريص 
▪️_بالقرب من إستاد الملك فهد 
————————————
▪️واجهه شماليه 
▪️ شارع 15م 
📐 مساحه 139م 
📐سطح خاص 

▪️استقلال تام من جميع الخدمات 
✨جاهزيه العقار
======================
تفاصيل العقار 
▪️باركن سياره خاص 
▪️دخول سمارت 
▪️مدخلين 
▪️مجلس رجال
▪️صاله نساء مع سطح 
▪️مطبخ 
======================
▪️غرفتين نوم علي دور ة مياه 
▪️▪️▪️▪️▪️▪️▪️▪️
▪️عدد غرف النوم بالدور 2
▪️عدد دورات المياه بالدور 2
_________________________

‏‎✅الضمانات
‏‎_ضمانات شامله علي جميع الأعمال
_ضمان السباكه 25عام انابيب الخضراء 
_ضمان الكهرباء 15عام الفنار بالاضافه لضمان القواطع والافياش 
_ضمان العوازل 10سنوات 
_ضمان الابواب 10سنوات 
_ضمان الخزان العلوي 5سنوات 
_______________________
‏‎✅مميزات الشركه 
‏‎_تغطيه شامله لاحدث العروض العقاريه شرق الرياض 
‏‎_تخليص الإجراءات البنكيه بجميع أنحاء المملكه 
‏‎_نتعامل مع جميع البنوك
‏‎_توفير الدفعه الاولي
‏‎_تسديد مديونيه 
__________‏
للتواصل والاستفسار 
((الرقم يظهر عند الضغط على اتصال))"
6789596,🔴 لا ينصح بها,عالية,سعر البيع أرخص بشكل غير طبيعي مقارنة بصفقات رسمية مشابهة -- تحقق من الصك والمساحة أولًا,https://sa.aqar.fm/شقق-للبيع/الرياض/جنوب-الرياض/حي-طيبة/شارع-ابن-نعيم-حي-طيبة-مدينة-الرياض-منطقة-الرياض-6789596,حي طيبة,350000.0,250.0,3.0,5.0,14.29,1400.0,0.43,"شقة للبيع في شارع ابن نعيم, حي طيبة, مدينة الرياض, منطقة الرياض",جنوب الرياض,True,3.0,0.0,لا,,50000,50000,50000,14.29,14.29,تشطيب فاخر | قابل للتمويل البنكي,,🟢 Proceed,العائد من الإيجار وحده 14.3%,1400.0,23.0,3265.0,🔴 REVIEW,سعر المتر أرخص بشكل غير طبيعي (43% من صفقات مشابهة) -- تحقق من المساحة والصك قبل أي التزام,False,فيلا فاخرة في حي طيبة,{},الوصف لا يذكر عدد الغرف أو الحمامات، البيانات المسجلة (3 غرف و5 حمامات) غير موثقة في النص. الإعلان يركز على خدمات التمويل والتسهيلات العقارية أكثر من تفاصيل العقار نفسه.,"السلام عليكم ورحمة الله وبركاته 
فرصه العمر لا تتكرر
بتدوور علي الأناقة في التصميم واستغلال المساحات 
بتدور على توفير المال والمصداقية في التعامل
ابشر باللي يطيب خاطرك 

نقدم لكم فيلا فاخره:
في حي : طيبه
مساحة  : 250 متر 
السعر    : 350 الف 
وجهه    : شماليه
عرض الشارع: 20م 
- تملك منزلك مع توفير الحلول والتسهيلات العقاريه للعسكرين والمدنين 
- في مستشارك الامثل نقدم لك استثناءات من البنوك ونوفر لك التمويل
- باسرع وقت واقل نسبه واعلي مبلغ متاح !!
( وقارن بين حسبتنا وحسب البنوك بنفسك !)
- توفير مبلغ فائض فوق قيمه العقار للاثاث 
* توفير الدفعه الاولي مجانا 
* تصفية الالتزامات في بنك العميل 
* اشراف علي التقييم بشكل مباشر للتقييم جيد ولعدم بخس ثمن العقار 
* التعامل مع ادارة البنوك مباشرة
* توفير جميع العروض ☆
كود ((5))"
6799335,🔴 لا ينصح بها,متوسطة,سعر البيع أرخص بشكل غير طبيعي مقارنة بصفقات رسمية مشابهة -- تحقق من الصك والمساحة أولًا,https://sa.aqar.fm/شقق-للبيع/الرياض/جنوب-الرياض/حي-طيبة/شارع-العزيزيه-حي-طيبة-مدينة-الرياض-منطقة-الرياض-6799335,حي طيبة,380000.0,167.0,3.0,5.0,13.89,1440.0,0.44,"شقة للبيع في شارع العزيزيه, حي طيبة, مدينة الرياض, منطقة الرياض",جنوب الرياض,True,3.0,0.0,لا,,50000,50000,50000,13.89,13.89,تشطيب فاخر | يوجد سطح/ملحق | يوجد مجلس منفصل | قابل للتمويل البنكي,nan | تعارض بيانات اكتشفه التحليل الآلي: area_sqm=167 بالوصف (مسجّل عندنا 250.0),🟢 Proceed,العائد من الإيجار وحده 13.9%,1440.0,23.0,3265.0,🔴 REVIEW,سعر المتر أرخص بشكل غير طبيعي (44% من صفقات مشابهة) -- تحقق من المساحة والصك قبل أي التزام,True,شقة 3 غرف - السعر 380 ألف,"{""area_sqm"": 167}",الإعلان يقدم وحدتين مختلفتين برفس المساحة لكن عدد غرف مختلف. المساحة المسجلة (250 م²) تختلف عن المذكورة في الوصف (167 م²). عدد الحمامات غير مذكور في الوصف.,"السلام عليكم ورحمة الله وبركاته 
فرصه العمر لا تتكرر
بتدوور علي الأناقة في التصميم واستغلال المساحات 
بتدور على توفير المال والمصداقية في التعامل
ابشر باللي يطيب خاطرك 

نقدم لكم فيلا فاخره:
في حي : طيبه
مساحة  : 167 متر المسطح 
السعر    : 380 الف الشقه الغرفتين ومجلس وصاله ومقلط ومطبخ وسطح 
360 الف الشقه غرفتين ومجلس وصاله ومقلط ومطبخ وسطح 
وجهه    : شماليه
عرض الشارع: 20م 
- تملك منزلك مع توفير الحلول والتسهيلات العقاريه للعسكرين والمدنين 
- في مستشارك الامثل نقدم لك استثناءات من البنوك ونوفر لك التمويل
- باسرع وقت واقل نسبه واعلي مبلغ متاح !!
( وقارن بين حسبتنا وحسب البنوك بنفسك !)
- توفير مبلغ فائض فوق قيمه العقار للاثاث 
* توفير الدفعه الاولي مجانا 
* تصفية الالتزامات في بنك العميل 
* اشراف علي التقييم بشكل مباشر للتقييم جيد ولعدم بخس ثمن العقار 
* التعامل مع ادارة البنوك مباشرة
* توفير جميع العروض ☆
كود ((5))"
6799335,🔴 لا ينصح بها,متوسطة,سعر البيع أرخص بشكل غير طبيعي مقارنة بصفقات رسمية مشابهة -- تحقق من الصك والمساحة أولًا,https://sa.aqar.fm/شقق-للبيع/الرياض/جنوب-الرياض/حي-طيبة/شارع-العزيزيه-حي-طيبة-مدينة-الرياض-منطقة-الرياض-6799335,حي طيبة,360000.0,167.0,2.0,5.0,13.89,1440.0,0.44,"شقة للبيع في شارع العزيزيه, حي طيبة, مدينة الرياض, منطقة الرياض",جنوب الرياض,True,3.0,0.0,لا,,50000,50000,50000,13.89,13.89,تشطيب فاخر | يوجد سطح/ملحق | يوجد مجلس منفصل | قابل للتمويل البنكي,nan | تعارض بيانات اكتشفه التحليل الآلي: area_sqm=167 بالوصف (مسجّل عندنا 250.0),🟢 Proceed,العائد من الإيجار وحده 13.9%,1440.0,23.0,3265.0,🔴 REVIEW,سعر المتر أرخص بشكل غير طبيعي (44% من صفقات مشابهة) -- تحقق من المساحة والصك قبل أي التزام,True,شقة غرفتين - السعر 360 ألف,"{""area_sqm"": 167}",الإعلان يقدم وحدتين مختلفتين برفس المساحة لكن عدد غرف مختلف. المساحة المسجلة (250 م²) تختلف عن المذكورة في الوصف (167 م²). عدد الحمامات غير مذكور في الوصف.,"السلام عليكم ورحمة الله وبركاته 
فرصه العمر لا تتكرر
بتدوور علي الأناقة في التصميم واستغلال المساحات 
بتدور على توفير المال والمصداقية في التعامل
ابشر باللي يطيب خاطرك 

نقدم لكم فيلا فاخره:
في حي : طيبه
مساحة  : 167 متر المسطح 
السعر    : 380 الف الشقه الغرفتين ومجلس وصاله ومقلط ومطبخ وسطح 
360 الف الشقه غرفتين ومجلس وصاله ومقلط ومطبخ وسطح 
وجهه    : شماليه
عرض الشارع: 20م 
- تملك منزلك مع توفير الحلول والتسهيلات العقاريه للعسكرين والمدنين 
- في مستشارك الامثل نقدم لك استثناءات من البنوك ونوفر لك التمويل
- باسرع وقت واقل نسبه واعلي مبلغ متاح !!
( وقارن بين حسبتنا وحسب البنوك بنفسك !)
- توفير مبلغ فائض فوق قيمه العقار للاثاث 
* توفير الدفعه الاولي مجانا 
* تصفية الالتزامات في بنك العميل 
* اشراف علي التقييم بشكل مباشر للتقييم جيد ولعدم بخس ثمن العقار 
* التعامل مع ادارة البنوك مباشرة
* توفير جميع العروض ☆
كود ((5))"
6799233,🔴 لا ينصح بها,متوسطة,سعر البيع أرخص بشكل غير طبيعي مقارنة بصفقات رسمية مشابهة -- تحقق من الصك والمساحة أولًا,https://sa.aqar.fm/شقق-للبيع/الرياض/جنوب-الرياض/حي-طيبة/شارع-العزيزيه-حي-طيبة-مدينة-الرياض-منطقة-الرياض-6799233,حي طيبة,310000.0,201.0,2.0,2.0,12.97,1542.0,0.47,"شقة للبيع في شارع العزيزيه, حي طيبة, مدينة الرياض, منطقة الرياض",جنوب الرياض,True,1.0,0.0,لا,,40200,40200,40200,12.97,12.97,نادي رياضي/صالة رياضية | عقار جديد | يوجد سطح/ملحق | قابل للتمويل البنكي | يوجد ضمان,nan | تعارض بيانات اكتشفه التحليل الآلي: rooms=2 بالوصف (مسجّل عندنا 3.0),🟢 Proceed,العائد من الإيجار وحده 13.0%,1542.0,46.0,3300.0,🔴 REVIEW,سعر المتر أرخص بشكل غير طبيعي (47% من صفقات مشابهة) -- تحقق من المساحة والصك قبل أي التزام,False,شقة - الدور الثالث مع السطح,"{""rooms"": 2}",الوصف يذكر غرفتي نوم (ليس 3 غرف كما مسجّل). الشقة تشمل مدخل وصالة ومطبخ والسطح. العقار جديد (كود سعودي جديد).,"السلام عليكم ورحمة الله وبركاته
اسعد الله اوقاتكم بكل خير
​للبيع شقه دور ثالث مع السطح
بحي طيبه جنوب الرياض

شغل ممتاز وموقع ممتاز ويوجد جميع الضمانات على الكود السعودي الجديد .
​⭐⭐الوصف
مدخل وصاله وغرفتين نوم ومطبخ و٢ حمام مع السطح 

⭐⭐لدينا حلول تمويله سهله وميسره للمدنيين والعسكريين والمتقاعدين .
⭐⭐لدينا مناديب في جميع البنوك والشركات الخاصة والحكومية .
⭐⭐لدينا عروض مختلفة بأسعار مختلفة في جميع أنحاء غرب وجنوب الرياض .
⭐⭐لدينا ضمانات على السباكه والكهرباء والعوازل والعيوب الخفيه والهيكل الانشائ .
⭐⭐المشروع علي الكود السعودي الجديد .
كود ٧"
6799207,🔴 لا ينصح بها,عالية,سعر البيع أرخص بشكل غير طبيعي مقارنة بصفقات رسمية مشابهة -- تحقق من الصك والمساحة أولًا,https://sa.aqar.fm/شقق-للبيع/الرياض/جنوب-الرياض/حي-طيبة/حي-طيبة-مدينة-الرياض-منطقة-الرياض-6799207,حي طيبة,320000.0,201.0,3.0,1.0,12.56,1592.0,0.48,"شقة للبيع في حي طيبة, مدينة الرياض, منطقة الرياض",جنوب الرياض,True,0.0,0.0,لا,,40200,40200,40200,12.56,12.56,تشطيب فاخر | قابل للتمويل البنكي,,🟢 Proceed,العائد من الإيجار وحده 12.6%,1592.0,46.0,3300.0,🔴 REVIEW,سعر المتر أرخص بشكل غير طبيعي (48% من صفقات مشابهة) -- تحقق من المساحة والصك قبل أي التزام,False,شقة فاخرة - حي طيبة العزيزية,{},الوجهة جنوبية، عرض الشارع 15م. الإعلان يشير إلى عقار جديد (عمر 0 سنة). تمويل متاح مع دفعة أولى 10% مجاني.,"مشروع 9
السلام عليكم ورحمة الله وبركاته 
فرصة العمر لا تتكرر
بتدور على الاناقه في التصميم واستغلال المساحات
بتدور على توفير المال والمصداقيه في التعامل
ابشر باللي يطيب خاطرك
نقدم لكم شقه  فاخره
في حي:  طيبه العزيزية 
السعر: 320 الف 
وجهه: جنوبي 
عرض الشارع : 15م 
نوفر سداد المديونيات والدفعه الأولى 10٪ مجانًا وبدون أي فوائد
نختصر عليك الوقت ولذالك نتعامل َع جميع البنوك والشركات التمويليه العقاريه مع إمكانية التحويل من بنك لبنك اخر وتسهيل كل الأمور
مع عليك اللي ان نتواصل معنا واتس أو اتصال
(مشروع 9)"
6799223,🔴 لا ينصح بها,عالية,سعر البيع أرخص بشكل غير طبيعي مقارنة بصفقات رسمية مشابهة -- تحقق من الصك والمساحة أولًا,https://sa.aqar.fm/شقق-للبيع/الرياض/جنوب-الرياض/حي-طيبة/شارع-العزيزيه-حي-طيبة-مدينة-الرياض-منطقة-الرياض-6799223,حي طيبة,320000.0,201.0,2.0,2.0,12.56,1592.0,0.48,"شقة للبيع في شارع العزيزيه, حي طيبة, مدينة الرياض, منطقة الرياض",جنوب الرياض,True,0.0,0.0,لا,,40200,40200,40200,12.56,12.56,نادي رياضي/صالة رياضية | عقار جديد | يوجد سطح/ملحق | قابل للتمويل البنكي | يوجد ضمان,,🟢 Proceed,العائد من الإيجار وحده 12.6%,1592.0,46.0,3300.0,🔴 REVIEW,سعر المتر أرخص بشكل غير طبيعي (48% من صفقات مشابهة) -- تحقق من المساحة والصك قبل أي التزام,False,شقة في حي طيبة جنوب الرياض,{},الوصف يذكر غرفتي نوم فقط بينما البيانات المسجلة تشير إلى 3 غرف. لم يتم تحديد عدد الحمامات في الوصف رغم تسجيل 2 حمام في البيانات.,"السلام عليكم ورحمة الله وبركاته
اسعد الله اوقاتكم بكل خير
​للبيع شقه 
بحي طيبه جنوب الرياض

شغل ممتاز وموقع ممتاز ويوجد جميع الضمانات على الكود السعودي الجديد .
​⭐⭐الوصف
مدخل  صاله مطبخ وعدد ٢ غرف نوم والسطح   .

⭐⭐لدينا حلول تمويله سهله وميسره للمدنيين والعسكريين والمتقاعدين .
⭐⭐لدينا مناديب في جميع البنوك والشركات الخاصة والحكومية .
⭐⭐لدينا عروض مختلفة بأسعار مختلفة في جميع أنحاء غرب وجنوب الرياض .
⭐⭐لدينا ضمانات على السباكه والكهرباء والعوازل والعيوب الخفيه والهيكل الانشائ .
⭐⭐المشروع علي الكود السعودي الجديد .
كود ٧"
6774511,🔴 لا ينصح بها,عالية,سعر البيع أرخص بشكل غير طبيعي مقارنة بصفقات رسمية مشابهة -- تحقق من الصك والمساحة أولًا,https://sa.aqar.fm/شقق-للبيع/الرياض/جنوب-الرياض/حي-طيبة/شارع-العزيزيه-حي-طيبة-مدينة-الرياض-منطقة-الرياض-6774511,حي طيبة,370000.0,206.0,2.0,3.0,11.14,1796.0,0.55,"شقة للبيع في شارع العزيزيه, حي طيبة, مدينة الرياض, منطقة الرياض",جنوب الرياض,True,2.0,0.0,لا,,41200,41200,41200,11.14,11.14,نادي رياضي/صالة رياضية | عقار جديد | يوجد سطح/ملحق | يوجد مجلس منفصل | قابل للتمويل البنكي | يوجد ضمان,,🟢 Proceed,العائد من الإيجار وحده 11.1%,1796.0,34.0,3246.0,🔴 REVIEW,سعر المتر أرخص بشكل غير طبيعي (55% من صفقات مشابهة) -- تحقق من المساحة والصك قبل أي التزام,True,شقة 2 غرفة نوم - مجلس وصالة وغرفتي نوم ومطبخ مع السطح,{},الإعلان يعرض وحدات متعددة بمساحات وأسعار مختلفة. البيانات المسجلة تطابق الوحدة الموصوفة (3 غرف، 206 م²، 370 ألف ريال). الوحدة الأخرى (2 غرفة) لا تحتوي على معلومات تفصيلية. مشروع جديد على الكود السعودي الجديد.,"السلام عليكم ورحمة الله وبركاته
اسعد الله اوقاتكم بكل خير
للبيع شقه 370 الف 
بحي طيبه جنوب الرياض

شغل ممتاز وموقع ممتاز ويوجد جميع الضمانات على الكود السعودي الجديد .
يوجود اسعار ومساحات ممتازه 
​⭐⭐الوصف
مجلس صاله غرفتين نوم ومطبخ مع السطح 
وهناك شقق ٣ غرف نوم 
⭐⭐لدينا حلول تمويله سهله وميسره للمدنيين والعسكريين والمتقاعدين .
⭐⭐لدينا مناديب في جميع البنوك والشركات الخاصة والحكومية .
⭐⭐لدينا عروض مختلفة بأسعار مختلفة في جميع أنحاء غرب وجنوب الرياض .
⭐⭐لدينا ضمانات على السباكه والكهرباء والعوازل والعيوب الخفيه والهيكل الانشائ .
⭐⭐المشروع علي الكود السعودي الجديد .
كود 7"
6774511,🔴 لا ينصح بها,عالية,سعر البيع أرخص بشكل غير طبيعي مقارنة بصفقات رسمية مشابهة -- تحقق من الصك والمساحة أولًا,https://sa.aqar.fm/شقق-للبيع/الرياض/جنوب-الرياض/حي-طيبة/شارع-العزيزيه-حي-طيبة-مدينة-الرياض-منطقة-الرياض-6774511,حي طيبة,370000.0,206.0,3.0,3.0,11.14,1796.0,0.55,"شقة للبيع في شارع العزيزيه, حي طيبة, مدينة الرياض, منطقة الرياض",جنوب الرياض,True,2.0,0.0,لا,,41200,41200,41200,11.14,11.14,نادي رياضي/صالة رياضية | عقار جديد | يوجد سطح/ملحق | يوجد مجلس منفصل | قابل للتمويل البنكي | يوجد ضمان,,🟢 Proceed,العائد من الإيجار وحده 11.1%,1796.0,34.0,3246.0,🔴 REVIEW,سعر المتر أرخص بشكل غير طبيعي (55% من صفقات مشابهة) -- تحقق من المساحة والصك قبل أي التزام,True,شقة 3 غرف نوم,{},الإعلان يعرض وحدات متعددة بمساحات وأسعار مختلفة. البيانات المسجلة تطابق الوحدة الموصوفة (3 غرف، 206 م²، 370 ألف ريال). الوحدة الأخرى (2 غرفة) لا تحتوي على معلومات تفصيلية. مشروع جديد على الكود السعودي الجديد.,"السلام عليكم ورحمة الله وبركاته
اسعد الله اوقاتكم بكل خير
للبيع شقه 370 الف 
بحي طيبه جنوب الرياض

شغل ممتاز وموقع ممتاز ويوجد جميع الضمانات على الكود السعودي الجديد .
يوجود اسعار ومساحات ممتازه 
​⭐⭐الوصف
مجلس صاله غرفتين نوم ومطبخ مع السطح 
وهناك شقق ٣ غرف نوم 
⭐⭐لدينا حلول تمويله سهله وميسره للمدنيين والعسكريين والمتقاعدين .
⭐⭐لدينا مناديب في جميع البنوك والشركات الخاصة والحكومية .
⭐⭐لدينا عروض مختلفة بأسعار مختلفة في جميع أنحاء غرب وجنوب الرياض .
⭐⭐لدينا ضمانات على السباكه والكهرباء والعوازل والعيوب الخفيه والهيكل الانشائ .
⭐⭐المشروع علي الكود السعودي الجديد .
كود 7"
6583708,🔴 لا ينصح بها,عالية,سعر البيع أرخص بشكل غير طبيعي مقارنة بصفقات رسمية مشابهة -- تحقق من الصك والمساحة أولًا,https://sa.aqar.fm/شقق-للبيع/الرياض/جنوب-الرياض/حي-طيبة/شارع-السرح-حي-طيبة-مدينة-الرياض-منطقة-الرياض-6583708,حي طيبة,450000.0,250.0,2.0,2.0,11.11,1800.0,0.55,"شقة للبيع في شارع السرح, حي طيبة, مدينة الرياض, منطقة الرياض",جنوب الرياض,True,1.0,0.0,لا,,50000,50000,50000,11.11,11.11,يوجد موقف سيارة | قريب من الخدمات | تشطيبات حديثة مذكورة | تشطيب فاخر | مدخلين منفصلين | يوجد سطح/ملحق | يوجد مجلس منفصل | قابل للتمويل البنكي | يوجد ضمان,,🟢 Proceed,العائد من الإيجار وحده 11.1%,1800.0,23.0,3265.0,🔴 REVIEW,سعر المتر أرخص بشكل غير طبيعي (55% من صفقات مشابهة) -- تحقق من المساحة والصك قبل أي التزام,False,شقة في فيلا - حي طيبة,{},الوصف يشير إلى مدخلين وسطح علوي، العقار جديد (0 سنة),"- أسعد الله أوقاتكم بكل خير 🇸🇦
- يسعدني أن أقدم لكم عرضاً مميزاً 🏠
- للتواصل / ((رقم المعلن يظهر عند التواصل)) ابو رضا
____________________________________
🟣 للبيع : شقة ف فيلا ( بحي طيبة ) تشطيبات وديكورات فاخره جدا ويوجد كافة الضمانات وموقع مميز .

🟣 المساحه : 250 م .

🟣 سعر الشقة : 450 الف .

💎💎    تفاصيل الشقة    💎💎

🟣 مدخلين + موقف سيارة  + مجلس بدورة مياه ومغاسل + صاله + مطبخ  + 2 غرفة نوم  + سطح .
___________________________________

📝 خدماتنا :

1️⃣ نوفر لكم الدفعة الأولى المقدمة للبنك مجاناً بدون فوائد .
2️⃣ نوفر لكم سداد جميع المديونيات والالتزامات مجاناً بدون فوائد .
3️⃣ لدينا جميع الحلول التمويلية الميسرة .
4️⃣ نقبل جميع الجهات ( مدنيين - عسكريين - قطاع خاص - قطاع عام ) .
5️⃣ إمكانية التحويل من بنك إلى بنك آخر .
6️⃣ لدينا عروض بجميع الأحياء تناسب الجميع ."
6748337,🔴 لا ينصح بها,عالية,سعر البيع أرخص بشكل غير طبيعي مقارنة بصفقات رسمية مشابهة -- تحقق من الصك والمساحة أولًا,https://sa.aqar.fm/شقق-للبيع/الرياض/جنوب-الرياض/حي-طيبة/شارع-النسور-حي-طيبة-مدينة-الرياض-منطقة-الرياض-6748337,حي طيبة,380000.0,201.0,4.0,4.0,10.58,1891.0,0.57,"شقة للبيع في شارع النسور, حي طيبة, مدينة الرياض, منطقة الرياض",جنوب الرياض,True,1.0,0.0,لا,,40200,40200,40200,10.58,10.58,تشطيبات حديثة مذكورة | تشطيب فاخر | قابل للتمويل البنكي,,🟢 Proceed,العائد من الإيجار وحده 10.6%,1891.0,46.0,3300.0,🔴 REVIEW,سعر المتر أرخص بشكل غير طبيعي (57% من صفقات مشابهة) -- تحقق من المساحة والصك قبل أي التزام,False,شقة فاخرة في حي طيبة,{},الوصف لا يذكر عدد الغرف أو الحمامات. التشطيب: سوبر سوبر لوكس. واجهة شرقية. الشارع 20 متر.,"🟥⬛️🟦🟧🟩🟪🟫🟨🟥🟦🟧🟩 السلام عليكم ورحمة الله وبركاته. اسعد الله اوقاتكم بكل خير عملائنا الكرام ٠ 
فرصه العمر لن تتكرر 🎊🎉
 بتدوور علي الأناقة في التصميم واستغلال المساحات 💯
 بتدور على توفير المال والمصداقية في التعامل
 ابشر باللي يطيب خاطرك 💯
 نقدم لكم شقة فاخره: 
في حي  : طيبة 
 مساحة  : 201م
 السعر    : 380 الف
 واجهة    : شرقيه 
 الشارع  : 20 م 
 تشطيب سوبر سوبر لوكس
 نوفر تسديد المديونيات والدفعه الاولي 10% مجاناااااااا وبدون أي فوائد 👍👍
 نختصر عليك الوقت ولذلك نتعامل مع جميع البنوك والشركات التمويليه العقاريه مع إمكانية التحويل من بنك الي بنك اخر وتسهيل كل الامور 👍
 من الاخر هات فرشك واحنا نسلمك المفتاح👍
 مش عليك إلا ان تتواصل معنا واتس اب او اتصال. مشروع ((6 ))"
6749205,🔴 لا ينصح بها,عالية,سعر البيع أرخص بشكل غير طبيعي مقارنة بصفقات رسمية مشابهة -- تحقق من الصك والمساحة أولًا,https://sa.aqar.fm/شقق-للبيع/الرياض/جنوب-الرياض/حي-طيبة/شارع-العزيزيه-حي-طيبة-مدينة-الرياض-منطقة-الرياض-6749205,حي طيبة,380000.0,194.0,3.0,1.0,10.49,1907.0,0.56,"شقة للبيع في شارع العزيزيه, حي طيبة, مدينة الرياض, منطقة الرياض",جنوب الرياض,True,0.0,0.0,لا,,38800,38800,38800,10.49,10.49,يوجد مصعد | تشطيب فاخر | صك إلكتروني/مستقل | قابل للتمويل البنكي,,🟢 Proceed,العائد من الإيجار وحده 10.5%,1907.0,55.0,3382.0,🔴 REVIEW,سعر المتر أرخص بشكل غير طبيعي (56% من صفقات مشابهة) -- تحقق من المساحة والصك قبل أي التزام,True,شقة فاخرة - مع مصعد (راكب),{},المشروع عبارة عن أدوار وشقق فاخرة. سعران مختلفان بناءً على وجود مصعد أم لا. الوصف لا يحدد مساحة أو عدد غرف وحمامات لكل وحدة بشكل دقيق.,"مشروع 9
السلام عليكم ورحمة الله وبركاته 
فرصة العمر لا تتكرر
بتدور على الاناقه في التصميم واستغلال المساحات
بتدور على توفير المال والمصداقيه في التعامل
ابشر باللي يطيب خاطرك
نقدم لكم مشروع أدوار كل دور بصك وشقق فاخره
في حي: طيبه العزيزية 
السعر: 380  الف راكب لها مصعد 
370 الف مؤسس مصعد
وجهه: شرقيه 
عرض الشارع : 20م
نوفر سداد المديونيات والدفعه الأولى 10٪ مجانًا وبدون أي فوائد
نختصر عليك الوقت ولذالك نتعامل َع جميع البنوك والشركات التمويليه العقاريه مع إمكانية التحويل من بنك لبنك اخر وتسهيل كل الأمور
مع عليك اللي ان نتواصل معنا واتس أو اتصال
(مشروع 9)"
6749205,🔴 لا ينصح بها,عالية,سعر البيع أرخص بشكل غير طبيعي مقارنة بصفقات رسمية مشابهة -- تحقق من الصك والمساحة أولًا,https://sa.aqar.fm/شقق-للبيع/الرياض/جنوب-الرياض/حي-طيبة/شارع-العزيزيه-حي-طيبة-مدينة-الرياض-منطقة-الرياض-6749205,حي طيبة,370000.0,194.0,3.0,1.0,10.49,1907.0,0.56,"شقة للبيع في شارع العزيزيه, حي طيبة, مدينة الرياض, منطقة الرياض",جنوب الرياض,True,0.0,0.0,لا,,38800,38800,38800,10.49,10.49,يوجد مصعد | تشطيب فاخر | صك إلكتروني/مستقل | قابل للتمويل البنكي,,🟢 Proceed,العائد من الإيجار وحده 10.5%,1907.0,55.0,3382.0,🔴 REVIEW,سعر المتر أرخص بشكل غير طبيعي (56% من صفقات مشابهة) -- تحقق من المساحة والصك قبل أي التزام,True,شقة فاخرة - بدون مصعد (مؤسس),{},المشروع عبارة عن أدوار وشقق فاخرة. سعران مختلفان بناءً على وجود مصعد أم لا. الوصف لا يحدد مساحة أو عدد غرف وحمامات لكل وحدة بشكل دقيق.,"مشروع 9
السلام عليكم ورحمة الله وبركاته 
فرصة العمر لا تتكرر
بتدور على الاناقه في التصميم واستغلال المساحات
بتدور على توفير المال والمصداقيه في التعامل
ابشر باللي يطيب خاطرك
نقدم لكم مشروع أدوار كل دور بصك وشقق فاخره
في حي: طيبه العزيزية 
السعر: 380  الف راكب لها مصعد 
370 الف مؤسس مصعد
وجهه: شرقيه 
عرض الشارع : 20م
نوفر سداد المديونيات والدفعه الأولى 10٪ مجانًا وبدون أي فوائد
نختصر عليك الوقت ولذالك نتعامل َع جميع البنوك والشركات التمويليه العقاريه مع إمكانية التحويل من بنك لبنك اخر وتسهيل كل الأمور
مع عليك اللي ان نتواصل معنا واتس أو اتصال
(مشروع 9)"
6750195,🔴 لا ينصح بها,متوسطة,سعر البيع أرخص بشكل غير طبيعي مقارنة بصفقات رسمية مشابهة -- تحقق من الصك والمساحة أولًا,https://sa.aqar.fm/شقق-للبيع/الرياض/شمال-الرياض/حي-النرجس/شارع-الكوكب-حي-النرجس-مدينة-الرياض-منطقة-الرياض-6750195,حي النرجس,850000.0,300.0,2.0,3.0,9.91,3400.0,0.4,"شقة للبيع في شارع الكوكب, حي النرجس, مدينة الرياض, منطقة الرياض",شمال الرياض,True,0.0,0.0,لا,,84250,84250,84250,9.91,9.91,يوجد مصعد | تشطيب فاخر | مكيفات مركّبة | غرفة خادمة | غرفة ماستر بحمام خاص,nan | تعارض بيانات اكتشفه التحليل الآلي: area_sqm=300 بالوصف (مسجّل عندنا 250.0),🟢 Proceed,العائد من الإيجار وحده 9.9%,3400.0,30.0,8606.0,🔴 REVIEW,سعر المتر أرخص بشكل غير طبيعي (40% من صفقات مشابهة) -- تحقق من المساحة والصك قبل أي التزام,False,دور فاخر في حي النرجس,"{""area_sqm"": 300}",الوصف يذكر مساحة الأرض 300 م² بينما المسجل 250 م². العقار جديد (عمر 0 سنة). يتضمن غرفة خادمة بالإضافة للغرفتين المسجلتين.,"للبيع أدوار فاخرة في حي النرجس – شمال الرياض

📍 الموقع: حي النرجس
📐 مساحة الأرض: 300 م²
🛣️ شارع: 15 متر جنوبي

ث

يتكون من:

* صالة واسعة
* مطبخ
* غرفة خادمة
* غرفة معيشة
* غرفتا نوم (منها غرفة ماستر)
* 3 دورات مياه
* مصعد يصل إلى الدور
* مكيفات مركبة
* إضاءات مكتملة
* مساحات واسعة

📞 للتواصل والاستفسار:
((الرقم يظهر عند الضغط على اتصال))"
