listing_id,url,title,district,city,direction,التوصية_النهائية,درجة_الثقة,سبب_التوصية_النهائية,نوع_العقار,price,area_sqm,rooms,bathrooms,livings,age_years,مؤثثة,yield_pct,expected_annual_rent,sakani_deals_count,price_ratio,verdict_price,ad_price_per_sqm,comparable_sale_deals_count,comparable_median_price_per_sqm,strengths,risks,is_multi_unit,unit_label,llm_corrections,llm_notes,description,images,sakani_trusted,latitude,longitude
6714350,https://sa.aqar.fm/شقق-للبيع/الرياض/شمال-الرياض/حي-القيروان/شارع-الحجاز-حي-العدل-مدينة-الجبيلة-منطقة-الرياض-6714350,"شقة للبيع في شارع الحجاز, حي العدل, مدينة الجبيلة, منطقة الرياض",حي القيروان,الرياض,شمال الرياض,🟢 فرصة قوية,عالية,عائد إيجاري موثّق رسميًا من سكني، وسعر بيع عادل مقارنة بصفقات وزارة العدل، وبدون أي تعارض بالبيانات,شقة,720000.0,121.0,4.0,4.0,1.0,0.0,لا,8.65,62300,204,1.01,🟢 سعر عادل,5950,99,5908.0,يوجد مصعد | تشطيبات حديثة مذكورة | عقار جديد | تشطيب فاخر | مدخلين منفصلين | غرفة ماستر بحمام خاص | يوجد مجلس منفصل,,False,شقة سكنية,{},الوصف يؤكد جديد (عمر صفر سنة). عدد الغرف 4 = مجلس + 3 غرف نوم، وعدد الحمامات 4 متطابق مع البيانات المسجلة,"جديد. تصميم حديث و تشطيب فندقي فاخر وفي حي جديد
الشقه مكونة من مدخلين ويوجد بها مصعدمجلس ودورة مياه وصاله بدوره المياه ومطبخ و 3 غرفة نوم ( 1 غرفة نوم ماستر + غرفتين نوم و حمام)",https://images.aqar.fm/webp/750x0/props/000308544_1780274866517.jpg,True,24.899044,46.368861
6462038,https://sa.aqar.fm/شقق-للبيع/الرياض/شرق-الرياض/حي-الرمال/شارع-تميم-الجرجاني-حي-الرمال-مدينة-الرياض-منطقة-الرياض-6462038,"شقة للبيع في شارع تميم الجرجاني, حي الرمال, مدينة الرياض, منطقة الرياض",حي الرمال,الرياض,شرق الرياض,🟢 فرصة قوية,عالية,عائد إيجاري موثّق رسميًا من سكني، وسعر بيع عادل مقارنة بصفقات وزارة العدل، وبدون أي تعارض بالبيانات,شقة,500000.0,77.0,4.0,,,0.0,لا,6.76,33800,867,0.98,🟢 سعر عادل,6494,98,6644.0,قريب من الخدمات | تشطيبات حديثة مذكورة | عقار جديد | تشطيب فاخر | يوجد سطح/ملحق | غرفة خادمة | غرفة ماستر بحمام خاص | يوجد مجلس منفصل | يوجد ضمان,,False,شقة في مخطط ريبال,{},الوصف يؤكد أن العقار جديد، يتضمن صالة + مطبخ مفتوح + غرفة ماستر + غرفة خادمة. عدد الحمامات لم يُذكر صراحة في الوصف (غرفة خادمة بدورة مياه منفصلة + حمام للصالة/غرفة نوم محتمل لكن غير محدد بدقة).,"شقه في مخطط ريبال
📌عمر العقار: جديدة
📌الخدمات: كهرباء ، ماء ، صرف ، هاتف ، انترنت
📌 تشطيبات فاخرة 

*المواصفات : 
🔸مدخل سيارة 
🔸صالة  
🔸 مطبخ مفتوح على الصاله
🔸غرفة خادمة مفصولة عن المطبخ بدورة مياه منفصلة
 اسطح كبيرة وواسعة تتسع لبناء غرف نوم ومجلس ومقلط🔸
🔸 غرفة نوم ماستر 
🔸 البناء حسب نظام الكود الجديد بإشراف مكتب هندسي
🔸 تأمين ضد العيوب الخفية ( شركة ملاذ)
🔸ضمانات كاملة مع تصوير لجميع مراحل البناء
البيع : 500,000",,True,24.884749,46.834281
6561794,https://sa.aqar.fm/شقق-للبيع/الرياض/شمال-الرياض/حي-النرجس/شارع-أبي-محمد-بن-حمدان-حي-النرجس-مدينة-الرياض-منطقة-الرياض-6561794,"شقة للبيع في شارع أبي محمد بن حمدان, حي النرجس, مدينة الرياض, منطقة الرياض",حي النرجس,الرياض,شمال الرياض,🟢 فرصة قوية,عالية,عائد إيجاري موثّق رسميًا من سكني، وسعر بيع عادل مقارنة بصفقات وزارة العدل، وبدون أي تعارض بالبيانات,شقة,900000.0,135.0,4.0,3.0,1.0,0.0,لا,6.55,57600,863,0.78,🟢 سعر عادل,6519,689,8327.0,يوجد مصعد | يوجد موقف سيارة | يوجد سطح/ملحق,,False,دور سكني - الدور الثاني,{},السعر المذكور بالوصف 900 ألف ريال بينما البيانات المسجلة 880 ألف ريال,"✨ دور سكني للبيع في حي النرجس✨


🔹 مواصفات الدور الثاني (135م):

* 🅿️ موقف سيارة
* 📺 غرفة معيشة
* 🛗 مصعد
* 🍳 مطبخ
* ☀️ سطح
* 🛌 غرفة نوم رئيسية
* 🛏️ 2 غرفة نوم إضافية
* 🚽 3 دورات مياه

 💰 السوم: 900 ألف",https://images.aqar.fm/webp/750x0/props/016700981_1769360466160.jpg | https://images.aqar.fm/webp/750x0/props/016700987_1769360466133.jpg | https://images.aqar.fm/webp/750x0/props/016700988_1769360466099.jpg | https://images.aqar.fm/webp/750x0/props/016700983_1769360466126.jpg | https://images.aqar.fm/webp/750x0/props/016700980_1769360466123.jpg,True,24.877119,46.658775
6729850,https://sa.aqar.fm/شقق-للبيع/الرياض/شمال-الرياض/حي-النرجس/شارع-يدمه-حي-النرجس-مدينة-الرياض-منطقة-الرياض-6729850,"شقة للبيع في شارع يدمه, حي النرجس, مدينة الرياض, منطقة الرياض",حي النرجس,الرياض,شمال الرياض,🟢 فرصة قوية,عالية,عائد إيجاري موثّق رسميًا من سكني، وسعر بيع عادل مقارنة بصفقات وزارة العدل، وبدون أي تعارض بالبيانات,شقة,800000.0,95.0,3.0,3.0,1.0,0.0,لا,6.5,52000,2100,0.97,🟢 سعر عادل,8421,263,8695.0,مدخل خاص | مكيفات مركّبة | غرفة ماستر بحمام خاص,,False,شقة في حي النرجس,{},الوصف يذكر غرفتي نوم + صالة واسعة منفصلة = 3 غرف بالمجموع، متطابق مع البيانات المسجلة,"((الرقم يظهر عند الضغط على اتصال)) تواصل واتس 

شقة للبيع في حي النرجس
📍 موقع مميز شمال الرياض
🚗 دقيقتان فقط من طريق الملك سلمان
🚗 3 دقائق من طريق أبو بكر الصديق

✨ مواصفات الشقة:
🚪 مدخلان للشقة (مدخل خاص + مدخل من العمارة)
❄️ مكيفات راكبة
🛏️ غرفة نوم ماستر
🛏️ غرفة نوم إضافية
🛋️ صالة واسعة
🍽️ مطبخ

📈 مناسبة للسكن والاستثمار
📍 في أحد أفضل مواقع شمال الرياض",,True,24.855223,46.656443
6566796,https://sa.aqar.fm/شقق-للبيع/الرياض/شمال-الرياض/حي-الملقا/شارع-الدهناء-حي-الملقا-مدينة-الرياض-منطقة-الرياض-6566796,"شقة للبيع في شارع الدهناء, حي الملقا, مدينة الرياض, منطقة الرياض",حي الملقا,الرياض,شمال الرياض,🟢 فرصة قوية,عالية,عائد إيجاري موثّق رسميًا من سكني، وسعر بيع عادل مقارنة بصفقات وزارة العدل، وبدون أي تعارض بالبيانات,شقة,900000.0,125.0,4.0,2.0,1.0,4.0,لا,6.46,58100,924,0.8,🟢 سعر عادل,7200,146,9010.0,يوجد سطح/ملحق,,False,شقة بحي الملقا، شارع الدهناء,{},الوصف يذكر 3 غرف نوم + صالة مفتوحة على المطبخ (تُحسب كمجلس/صالة) = 4 غرف إجمالاً، متطابق مع البيانات المسجّلة. يوجد سطح خاص 22 م² وغرفة مفرغة متعددة الاستخدامات.,"شقة للبيع حي الملقا 

  شارع الدهناء

🔹 المواصفات:
•  3 غرف 
•  صالة مفتوحة على المطبخ
• مساحة مسطح البناء: 125 ⁠م²
• 🗄️ غرفة مفرغة (متعددة الاستخدامات)⁠
• 🌤️ سطح خاص: 22 م²
• 🏢 الدور الثالث
• ⏳ عمر العقار: أكثر من 4 سنوات
موجود فيديو للشقه 

للتواصل واتس اب او اتصال
 ((رقم المعلن يظهر عند التواصل))

/ لا يتواصل الا الصامل",https://images.aqar.fm/webp/750x0/props/024653883_1769641717716.jpg,True,24.808855,46.594313
6766879,https://sa.aqar.fm/شقق-للبيع/الرياض/شرق-الرياض/حي-الرمال/شارع-عبدالله-العنبري-حي-الرمال-مدينة-الرياض-منطقة-الرياض-6766879,"شقة للبيع في شارع عبدالله العنبري, حي الرمال, مدينة الرياض, منطقة الرياض",حي الرمال,الرياض,شرق الرياض,🟡 تحتاج مراجعة,متوسطة,السعر عادل، لكن فيه تعارض بين بيانات الإعلان والوصف -- تأكد من التفاصيل الفعلية,شقة,400000.0,71.0,4,2.0,0.0,3.0,لا,7.72,30100,3400,0.66,🟢 سعر عادل,5493,62,8312.0,مدخل خاص | يوجد سطح/ملحق | مكيفات مركّبة | يوجد مجلس منفصل,تعارض بيانات اكتشفه التحليل الآلي: rooms=4 بالوصف (مسجّل عندنا 3.0),False,شقة مع سطح في حي الرمال ريبال,"{""rooms"": 4}",الوصف يذكر: مجلس + غرفتين + صالة = 4 غرف/مساحات (المسجل 3). السعر بالوصف 400 ألف شامل المكيفات، بينما المسجل 390 ألف. العقار يتطلب بيع كاش أو غير مدعوم.,"🏠🏠🏠

●حي الرمال ريبال 
○للبيــــــــع شقه مع سطح 
○حره يفضل كاش○
●○او غير مدعوم●
●○لا يوجد اتمام بنا○●
○مدخل خاص مستقل 
○مجلس 
○غرفتين
○- صاله 
○ مطبخ 
  ○ مجلس ○
○ دورتين مياه 
○ يوجد سطح
○عمر العقار: ٣ سنوات
○مساحة العقار: 71
○مدخل مستقل - مقابل مرفق عام
○البيع: ٤٠٠ شامل المكيفات

كما نستقبل عروضكم وطلباتكم 
مؤسسة احكام الرمال العقاريه 
للتواصل
((الرقم يظهر عند الضغط على اتصال))
ابوتركي",https://images.aqar.fm/webp/750x0/props/001566184_1783605692530.jpg | https://images.aqar.fm/webp/750x0/props/001566180_1783605719528.jpg | https://images.aqar.fm/webp/750x0/props/001566182_1783605719457.jpg | https://images.aqar.fm/webp/750x0/props/001566185_1783605746992.jpg | https://images.aqar.fm/webp/750x0/props/001566186_1783605746967.jpg | https://images.aqar.fm/webp/750x0/props/001566189_1783605747067.jpg | https://images.aqar.fm/webp/750x0/props/001566180_1783605747251.jpg | https://images.aqar.fm/webp/750x0/props/001566189_1783605747048.jpg | https://images.aqar.fm/webp/750x0/props/001566185_1783605747027.jpg | https://images.aqar.fm/webp/750x0/props/001566188_1783605747076.jpg | https://images.aqar.fm/webp/750x0/props/001566181_1783605747264.jpg | https://images.aqar.fm/webp/750x0/props/001566183_1783605821626.jpg | https://images.aqar.fm/webp/750x0/props/001566183_1783605821821.jpg | https://images.aqar.fm/webp/750x0/props/001566185_1783605821699.jpg | https://images.aqar.fm/webp/750x0/props/001566187_1783605821755.jpg | https://images.aqar.fm/webp/750x0/props/001566183_1783605821670.jpg | https://images.aqar.fm/webp/750x0/props/001566181_1783605821683.jpg,True,24.86532,46.842621
6723221,https://sa.aqar.fm/شقق-للبيع/الرياض/شرق-الرياض/حي-الرمال/حي-الرمال-مدينة-الرياض-منطقة-الرياض-6723221,"شقة للبيع في حي الرمال, مدينة الرياض, منطقة الرياض",حي الرمال,الرياض,شرق الرياض,🟡 تحتاج مراجعة,متوسطة,السعر عادل، لكن فيه تعارض بين بيانات الإعلان والوصف -- تأكد من التفاصيل الفعلية,شقة,450000.0,59.0,3,2.0,,0.0,لا,7.64,34400,740,0.73,🟢 سعر عادل,7759,21,10651.0,يوجد موقف سيارة | خزانات مياه مستقلة | قريب من مسجد | عقار جديد | يوجد مجلس منفصل | صك إلكتروني/مستقل,"تعارض بيانات اكتشفه التحليل الآلي: area_sqm=59 بالوصف (مسجّل عندنا 58.0), rooms=3 بالوصف (مسجّل عندنا 2.0), bathrooms=2 بالوصف (مسجّل عندنا nan)",False,شقة دور ثاني,"{""area_sqm"": 59, ""rooms"": 3, ""bathrooms"": 2}",الوصف يذكر مساحة الصك 59 متر بدلاً من 58 متر المسجلة. عدد الغرف 3 (مجلس + صالة + غرفتي نوم). عدد الحمامات 2 (دورة مع المجلس ودورة مع غرف النوم),"شقه دور ثاني جديده 
شارع 25
مجلس مع دورت مياه 
صاله 
مطبخ امريكي
غرفتين نوام ودورت مياه 
عداد الكهرباء مستقل 
خزان ماء مستقل 
موقف خاص لشقه 
قريب من جميع الخمات 
ظهير تجاري 
جانب مسجد 
وجامع 
مدخل رئيسي 
مساحة الشقه في الصك 59 متر 
على الطبيعه 98 متر 
ظهير شارع الامير محمد بن سلمان 
السعر 450 الف قابل لتفواض",https://images.aqar.fm/webp/750x0/props/032268432_1780860482047.jpg,True,24.861071,46.845154
6730058,https://sa.aqar.fm/شقق-للبيع/الرياض/شرق-الرياض/حي-الرمال/شارع-أسعد-بن-أحمد-دهان-حي-الرمال-مدينة-الرياض-منطقة-الرياض-6730058,"شقة للبيع في شارع أسعد بن أحمد دهان, حي الرمال, مدينة الرياض, منطقة الرياض",حي الرمال,الرياض,شرق الرياض,🟡 تحتاج مراجعة,متوسطة,السعر عادل، لكن فيه تعارض بين بيانات الإعلان والوصف -- تأكد من التفاصيل الفعلية,شقة,399000.0,135.0,4,0.0,0.0,0.0,لا,7.54,30100,3400,0.7,🟢 سعر عادل,3990,264,5696.0,يوجد سطح/ملحق | غرفة ماستر بحمام خاص | يوجد مجلس منفصل,"تعارض بيانات اكتشفه التحليل الآلي: area_sqm=135 بالوصف (مسجّل عندنا 100.0), rooms=4 بالوصف (مسجّل عندنا 3.0)",False,الدور الثاني - مشروع أدوار الرمال,"{""area_sqm"": 135, ""rooms"": 4}",المساحة المسجلة 100 م² بينما الوصف يذكر 130-140 م². عدد الغرف: غرفتا نوم + مجلس + صالة معيشة = 4 غرف (المسجل 3). عدد الحمامات غير مذكور بالوصف. العقار على الخارطة بتسليم خلال 15 شهراً.,"مشروع أدوار الرمال – ريبال الرمال

🏡 فرصة تملك دور سكني حديث في حي الرمال
بيع على الخارطة | 

موعد التسليم خلال سنة و3 أشهر 

بقيمة 399الف🤩🤩🤩

✨ الدور الثاني

* مساحة إجمالية: 130 – 140 م²

📐 مكونات الدور:

* غرفة نوم ماستر
* غرفة نوم
* مجلس
* صالة معيشة
* مطبخ
* تأسيس غرفة نوم ثالثة على السطح

💰 مزايا الدفع:

* 7 دفعات ميسرة خلال فترة التنفيذ
* تملك بسعر منافس وخطة سداد مرنة

📍 ريبال الرمال
تصميم عصري وموقع واعد، يجمع بين الراحة وجودة البناء والاستثمار المستقبلي.

اغتنم فرصة التملك الآن قبل اكتمال المشروع وارتفاع الأسعار

تشتري اليوم ب399 الف وعن طريق 7 دفعات 
تبيع بكره جاهز لاتقل عن 550 الف وانت الربحان 🤩👌🏻",https://images.aqar.fm/webp/750x0/props/011225667_1781277247060.jpg | https://images.aqar.fm/webp/750x0/props/011225666_1781277247104.jpg | https://images.aqar.fm/webp/750x0/props/011225669_1781277258645.jpg,True,24.865008,46.839431
6741473,https://sa.aqar.fm/شقق-للبيع/الرياض/شرق-الرياض/حي-الرمال/شارع-عبدالرحمن-البهكلي-حي-الرمال-مدينة-الرياض-منطقة-الرياض-6741473,"شقة للبيع في شارع عبدالرحمن البهكلي, حي الرمال, مدينة الرياض, منطقة الرياض",حي الرمال,الرياض,شرق الرياض,🟡 تحتاج مراجعة,متوسطة,السعر عادل، لكن فيه تعارض بين بيانات الإعلان والوصف -- تأكد من التفاصيل الفعلية,شقة,450000.0,98.0,3,2.0,0.0,0.0,لا,7.51,33800,867,0.73,🟢 سعر عادل,7759,21,10651.0,يوجد موقف سيارة | خزانات مياه مستقلة | قريب من مسجد | قريب من الخدمات | عقار جديد | يوجد مجلس منفصل | صك إلكتروني/مستقل,"السعر قابل للتفاوض -- ممكن فيه هامش تفاوض إضافي | تعارض بيانات اكتشفه التحليل الآلي: area_sqm=98 بالوصف (مسجّل عندنا 58.0), rooms=3 بالوصف (مسجّل عندنا 4.0), bathrooms=2 بالوصف (مسجّل عندنا 0.0)",False,شقة جديدة - الدور الثاني,"{""area_sqm"": 98, ""rooms"": 3, ""bathrooms"": 2}",المساحة المسجلة 58 م² لكن الوصف يذكر 59 م² بالصك و98 م² فعلي. عدد الغرف بالوصف: مجلس + صالة + 2 غرفة نوم = 3 غرف (وليس 4). عدد الحمامات: دورتا مياه بالوصف (الأولى مع المجلس والثانية منفصلة).,"للبيع شقة جديدة - الدور الثاني

📍 موقع مميز على شارع 25 متر، ظهير شارع شارع الأمير محمد بن سلمان، وقريبة من جميع الخدمات.

مواصفات الشقة:

* مجلس مع دورة مياه.
* صالة واسعة.
* مطبخ أمريكي.
* غرفتا نوم.
* دورتا مياه.
* مدخل رئيسي مستقل.
* عداد كهرباء مستقل.
* خزان مياه مستقل.
* موقف سيارة خاص.

مميزات الموقع:

* ظهير تجاري.
* بجوار مسجد وجامع.
* قريب من جميع الخدمات والمرافق.

المساحة:

* المساحة في الصك: 59 م².
* المساحة الفعلية على الطبيعة: 98 م².

💰 السعر: 450,000 ريال قابل للتفاوض.

للتواصل والاستفسار يرجى التواصل على ((الرقم يظهر عند الضغط على اتصال))",https://images.aqar.fm/webp/750x0/props/053030638_1782032756875.jpg | https://images.aqar.fm/webp/750x0/props/053030634_1782145117929.jpg | https://images.aqar.fm/webp/750x0/props/053030633_1782145117828.jpg | https://images.aqar.fm/webp/750x0/props/053030633_1782145117838.jpg | https://images.aqar.fm/webp/750x0/props/053030637_1782145117927.jpg | https://images.aqar.fm/webp/750x0/props/053030636_1782145117856.jpg | https://images.aqar.fm/webp/750x0/props/053030635_1782145117858.jpg | https://images.aqar.fm/webp/750x0/props/053030633_1782145117904.jpg | https://images.aqar.fm/webp/750x0/props/053030633_1782145117872.jpg,True,24.860864,46.845145
6735383,https://sa.aqar.fm/شقق-للبيع/الرياض/شرق-الرياض/حي-الرمال/شارع-محمد-الدره-حي-الرمال-مدينة-الرياض-منطقة-الرياض-6735383,"شقة للبيع في شارع محمد الدره, حي الرمال, مدينة الرياض, منطقة الرياض",حي الرمال,الرياض,شرق الرياض,🟡 تحتاج مراجعة,متوسطة,السعر عادل، لكن فيه تعارض بين بيانات الإعلان والوصف -- تأكد من التفاصيل الفعلية,شقة,460000.0,73.0,5,2.0,1.0,0.0,لا,7.35,33800,867,0.8,🟢 سعر عادل,6301,70,7878.0,يوجد سطح/ملحق | يوجد مجلس منفصل,تعارض بيانات اكتشفه التحليل الآلي: rooms=5 بالوصف (مسجّل عندنا 4.0),False,شقة بحي الرمال,"{""rooms"": 5}",الوصف يذكر مجلس وصالة وثلاث غرف نوم (المجموع 5 غرف)، بينما البيانات المسجلة تشير إلى 4 غرف فقط. يوجد سطح صغير إضافي.,"شقه للبيع حي الرمال
 مخطط التعمير
 مجدده بالكامل شارع 30
 مكونه من مجلس وصاله ومطبخ وثلاث غرفه  واتنين دورة مياة اعزكم الله وسطح صغير
    البيع 460 الف كاش فقط
 التواصل ((الرقم يظهر عند الضغط على اتصال))",https://images.aqar.fm/webp/750x0/props/004449241_1781626990254.jpg | https://images.aqar.fm/webp/750x0/props/004449248_1781626990338.jpg | https://images.aqar.fm/webp/750x0/props/004449242_1781626990412.jpg | https://images.aqar.fm/webp/750x0/props/004449247_1781626990423.jpg | https://images.aqar.fm/webp/750x0/props/004449240_1781626990485.jpg | https://images.aqar.fm/webp/750x0/props/004449242_1781626990554.jpg | https://images.aqar.fm/webp/750x0/props/004449241_1781626990254.jpg | https://images.aqar.fm/webp/750x0/props/004449248_1781626990338.jpg | https://images.aqar.fm/webp/750x0/props/004449242_1781626990412.jpg | https://images.aqar.fm/webp/750x0/props/004449247_1781626990423.jpg | https://images.aqar.fm/webp/750x0/props/004449240_1781626990485.jpg | https://images.aqar.fm/webp/750x0/props/004449242_1781626990554.jpg,True,24.849822,46.830697
6679744,https://sa.aqar.fm/شقق-للبيع/الرياض/شمال-الرياض/حي-النرجس/شارع-أبي-الوليد-بن-عبدالله-حي-النرجس-مدينة-الرياض-منطقة-الرياض-6679744,"شقة للبيع في شارع أبي الوليد بن عبدالله, حي النرجس, مدينة الرياض, منطقة الرياض",حي النرجس,الرياض,شمال الرياض,🟡 تحتاج مراجعة,متوسطة,السعر عادل، لكن فيه تعارض بين بيانات الإعلان والوصف -- تأكد من التفاصيل الفعلية,شقة,750000.0,95.0,4,0.0,0.0,6.0,لا,7.32,52000,2100,0.86,🟢 سعر عادل,7474,263,8695.0,قريب من مدارس | قريب من الخدمات | يوجد سطح/ملحق,"تعارض بيانات اكتشفه التحليل الآلي: rooms=4 بالوصف (مسجّل عندنا 3.0), age_years=6 بالوصف (مسجّل عندنا 0.0), price=750000 بالوصف (مسجّل عندنا 710000.0)",False,شقة دور ثاني مع سطح - حي النرجس,"{""rooms"": 4, ""age_years"": 6, ""price"": 750000}","الوصف يذكر 3 غرف نوم + صالة واسعة = 4 غرف إجمالي. السعر في الوصف 750,000 ريال وليس 710,000. العمر 6 سنوات وليس 0. عدد الحمامات غير مذكور في الوصف.","🏡 للبيع شقة دور ثاني مع سطح – حي النرجس

فرصة مميزة لامتلاك شقة في موقع حيوي شمال الرياض ✨

📍 الموقع: حي النرجس – قريبة من طريق الملك سلمان
📌 قريبة من جميع الخدمات (مدارس، أسواق، مساجد)

🛏️ تفاصيل الشقة:

* 3 غرف نوم
* صالة واسعة
* سطح خاص
* الدور الثاني

🏗️ عمر العقار: 6 سنوات
💰 السعر: 750,000 ريال

✨ موقع ممتاز وهدوء في الحي، مناسبة للسكن العائلي أو للاستثمار

📞 للتواصل والاستفسار: (0538676746 )",https://images.aqar.fm/webp/750x0/props/045686944_1777818009153.jpg | https://images.aqar.fm/webp/750x0/props/045686941_1777818039387.jpg | https://images.aqar.fm/webp/750x0/props/045686943_1777818039385.jpg | https://images.aqar.fm/webp/750x0/props/045686943_1777818039373.jpg | https://images.aqar.fm/webp/750x0/props/045686947_1777818039366.jpg | https://images.aqar.fm/webp/750x0/props/045686943_1777818039385.jpg | https://images.aqar.fm/webp/750x0/props/045686945_1777818039406.jpg | https://images.aqar.fm/webp/750x0/props/045686943_1777818039375.jpg | https://images.aqar.fm/webp/750x0/props/045686943_1777818039378.jpg | https://images.aqar.fm/webp/750x0/props/045686941_1777818059952.jpg | https://images.aqar.fm/webp/750x0/props/045686942_1777818059971.jpg | https://images.aqar.fm/webp/750x0/props/045686946_1777818059962.jpg | https://images.aqar.fm/webp/750x0/props/045686941_1777818059975.jpg | https://images.aqar.fm/webp/750x0/props/045686941_1777818059972.jpg | https://images.aqar.fm/webp/750x0/props/045686946_1777818059966.jpg,True,24.861299,46.661034
6680986,https://sa.aqar.fm/شقق-للبيع/الرياض/شرق-الرياض/حي-الرمال/شارع-جعفر-بن-أبي-بكر-لبني-حي-الرمال-مدينة-الرياض-منطقة-الرياض-6680986,"شقة للبيع في شارع جعفر بن أبي بكر لبني, حي الرمال, مدينة الرياض, منطقة الرياض",حي الرمال,الرياض,شرق الرياض,🟡 تحتاج مراجعة,متوسطة,السعر عادل، لكن فيه تعارض بين بيانات الإعلان والوصف -- تأكد من التفاصيل الفعلية,شقة,500000.0,93.0,3,1.0,0.0,1.0,لا,6.88,34400,740,0.93,🟢 سعر عادل,5376,218,5752.0,يوجد قبو/مواقف سفلية | تشطيبات حديثة مذكورة | مستوى راقٍ | مكيفات مركّبة | غرفة ماستر بحمام خاص,"تعارض بيانات اكتشفه التحليل الآلي: rooms=3 بالوصف (مسجّل عندنا 2.0), bathrooms=1 بالوصف (مسجّل عندنا 0.0)",False,شقة 2 غرفة نوم + صالة,"{""rooms"": 3, ""bathrooms"": 1}",الوصف يذكر غرفتي نوم وصالة واسعة منفصلة (3 غرف إجمالاً). لا يذكر عدد الحمامات لكن من المنطقي وجود حمام واحد على الأقل في شقة بهذا الحجم. البيانات المسجلة تشير إلى 0 حمام وهو غير منطقي.,"✨ شقة مميزة في عمارة حديثة ✨

شقة راقية بتشطيب ممتاز وموقع مميز، مناسبة للسكن أو الاستثمار

🔹 المميزات:

* مكيفات راكبة
* دخول ذكي
* مواقف خاصة في القبو

🔹 تتكون من:

* غرفتين نوم (واحدة ماستر)
* صالة واسعة
* مطبخ

💰 السعر: 500,000 ريال (حد)

📞 للتواصل: 0507102730",https://images.aqar.fm/webp/750x0/props/027853381_1777882664245.jpg | https://images.aqar.fm/webp/750x0/props/027853383_1777882664241.jpg | https://images.aqar.fm/webp/750x0/props/027853386_1777882664244.jpg | https://images.aqar.fm/webp/750x0/props/027853387_1777882664254.jpg | https://images.aqar.fm/webp/750x0/props/027853381_1777882664242.jpg | https://images.aqar.fm/webp/750x0/props/027853389_1777882664259.jpg,True,24.851109,46.843837
6664276,https://sa.aqar.fm/شقق-للبيع/الرياض/شمال-الرياض/حي-الملقا/شارع-الحلوة-حي-الملقا-مدينة-الرياض-منطقة-الرياض-6664276,"شقة للبيع في شارع الحلوة, حي الملقا, مدينة الرياض, منطقة الرياض",حي الملقا,الرياض,شمال الرياض,🟡 تحتاج مراجعة,متوسطة,السعر عادل، لكن فيه تعارض بين بيانات الإعلان والوصف -- تأكد من التفاصيل الفعلية,شقة,900000.0,95.0,4,2.0,1.0,10.0,لا,6.85,54800,1400,0.92,🟢 سعر عادل,8511,49,9260.0,قريب من مسجد | قريب من الخدمات | قريب من حديقة | مطبخ راكب | يوجد مجلس منفصل,"تعارض بيانات اكتشفه التحليل الآلي: area_sqm=95 بالوصف (مسجّل عندنا 94.0), rooms=4 بالوصف (مسجّل عندنا 3.0), bathrooms=2 بالوصف (مسجّل عندنا 3.0)",False,شقة دور أرضي حي الملقا,"{""area_sqm"": 95, ""rooms"": 4, ""bathrooms"": 2}",تعارض في المساحة: 94 مسجل مقابل 95 بالوصف. تعارض في الحمامات: 3 مسجل مقابل دورتين بالوصف. عدد الغرف 4 (3 غرف نوم + صالة مجلس منفصلة). السعر: 900 ألف بالوصف مقابل 800 ألف مسجل.,"للبيــــــــع شقه دور ارضي حي الملقا 
قريب من طريق المالك فهد 
مساحة 95م
شارع  36 م جنوبي 
جارك مسجد وحديقة الملقا موقع استراتيجي قريب من جميع الخدمات ولاسواق 
العمر العقار اكثر من ١٠ سنوت
تتكون من ثلاث غرف نوم
ودورتين مياه 
صاله مجلس رجاله مطبخ راكب 
البيع 900 الف
الشقه فاضيه والمفتاح موجود
مباشر مع المالك",https://images.aqar.fm/webp/750x0/props/010086289_1776780694276.jpg,True,24.79682,46.624538
6752299,https://sa.aqar.fm/شقق-للبيع/الرياض/شمال-الرياض/حي-القيروان/شارع-عبدالله-التميمي-حي-القيروان-مدينة-الرياض-منطقة-الرياض-6752299,"شقة للبيع في شارع عبدالله التميمي, حي القيروان, مدينة الرياض, منطقة الرياض",حي القيروان,الرياض,شمال الرياض,🟡 تحتاج مراجعة,متوسطة,سعر البيع أعلى من صفقات رسمية مشابهة -- تفاوض على السعر قبل أي قرار,شقة,850000.0,115.6,3,2.0,1.0,7.0,لا,6.69,56900,537,1.22,🟡 مبالغ فيه,7328,85,5987.0,يوجد موقف سيارة | مكيفات مركّبة | يوجد مجلس منفصل,"تعارض بيانات اكتشفه التحليل الآلي: area_sqm=115.6 بالوصف (مسجّل عندنا 116.0), age_years=7 بالوصف (مسجّل عندنا 0.0)",False,شقة بحي القيروان,"{""area_sqm"": 115.6, ""age_years"": 7}",عمر العقار المسجل (0 سنة) يتعارض مع وصف العمارة (7 سنوات). المساحة المسجلة 116 م² بينما الوصف يذكر 115.6 م²,"شقة للبيع في عمارة عمرها ٧ سنوات 
الموقع حي القيروان 
مواصفات الشقة : المساحة ١١٥.٦ م الدور الأرضي تتكون من مجلس وصالة ومطبخ وغرفتين نوم ودورتين مياه (أعزكم الله).
راكب مكيفات سبلت ومطبخ.
موقف خاص بالشقة.",https://images.aqar.fm/webp/750x0/props/019629633_1782730593356.jpg | https://images.aqar.fm/webp/750x0/props/019629635_1782730593346.jpg | https://images.aqar.fm/webp/750x0/props/019629639_1782730593356.jpg | https://images.aqar.fm/webp/750x0/props/019629630_1782730593394.jpg | https://images.aqar.fm/webp/750x0/props/019629634_1782730593388.jpg | https://images.aqar.fm/webp/750x0/props/019629634_1782730593574.jpg | https://images.aqar.fm/webp/750x0/props/019629631_1782730593651.jpg | https://images.aqar.fm/webp/750x0/props/019629631_1782730593650.jpg | https://images.aqar.fm/webp/750x0/props/019629635_1782730593717.jpg,True,24.825859,46.60326
6709452,https://sa.aqar.fm/شقق-للبيع/الرياض/شرق-الرياض/حي-الرمال/شارع-145-الرمال-حي-الرمال-مدينة-الرياض-منطقة-الرياض-6709452,"شقة للبيع في شارع 145 الرمال, حي الرمال, مدينة الرياض, منطقة الرياض",حي الرمال,الرياض,شرق الرياض,🟡 تحتاج مراجعة,متوسطة,السعر عادل، لكن فيه تعارض بين بيانات الإعلان والوصف -- تأكد من التفاصيل الفعلية,شقة,900000.0,148.0,4,4.0,,0.0,لا,6.69,30100,3400,0.81,🟢 سعر عادل,4639,247,5696.0,يوجد بلكونة | يوجد مستودع | يوجد مجلس منفصل,"تعارض بيانات اكتشفه التحليل الآلي: area_sqm=98 بالوصف (مسجّل عندنا 97.0), rooms=4 بالوصف (مسجّل عندنا 3.0), bathrooms=4 بالوصف (مسجّل عندنا 4.0)",True,نموذج A - دور أرضي,"{""area_sqm"": 98, ""rooms"": 4, ""bathrooms"": 4}",البيانات المسجّلة تطابق نموذج F2 (شقة ملحق 98م²). عدد الغرف الفعلي 4 (3 غرف نوم + 1 مجلس منفصل),"شركه الصدفه للتطوير العقاري 
بدأ البيع ادوار مستقلة وشقق الرياض 27
في شمال شرق الرياض - حي الرمال   مخطط رقم 3936 المشروع علي 3 واجهات واجهه شرقيه بشارع عرض ١٥ متر - واجهه جنوبيه بشارع عرض ١٨ متر - واجهه شماليه بشارع عرض ١٥ متر 
متوفر في المشروع: 
                      نموذج A 
يتكون من دور ارضي مساحه ١٤٨ متر 
            السعر 900,000
              المتبقي ١٦ دور  
A1-A2 -A3-A4-A5-A6-A7-A8-A14-A15-A16-A17-A18-A19-A20-A21
                     نموذج B 
يتكون من دور اول مساحه ١٥٠ متر 
          السعر 750,000
          المتبقي ١٦ دور 
B1-B2 -B3-B4-B5-B6-B7-B8-B14-B15-B16-B17-B18-B19-B20-B21
                    نموذج C
يتكون من ١٦ شقه ملحق مساحه ٩٠ متر 
           السعر 550.000 
            المتبقي ١٦ شقة  
C1-C2 -C3-C4-C5-C6-C7-C8-C14-C15-C16-C17-C18-C19-C20-C21
                    نموذج D 
* ٢ ادوار ارضية زوايا مساحه ٢٣٧ متر 
         السعر 1.200.000  
              رقم A9-A13 
* ٣ ادوار ارضية مفصول مساحه ١٩٠ متر 
            السعر 950.000 
           رقم A10-A11-A12
                 نموذج E 
* ٢ ادوار اول زوايا مساحه ٢٥٠ متر 
         السعر 850.000  
              رقم B9-B13 
* ٣ ادوار اول مفصول مساحه ١٨٠ متر 
            السعر 850.000 
           رقم B10-B11-B12 
                  نموذج F 
* ٢ شقق ملحق زوايا مساحه ١٢٨ متر
         السعر 650.000  
              رقم C9-C13 
* ٣ شقق ملحق مساحه ٩٨ متر 
            السعر 450.000 
           رقم C10-C11-C12 

المواصفات:
3 غرف نوم 
4 حمامات 
1 غرفه طعام 
1 مطبخ 
1 مجلس 
1  غرفه معيشه 
1  مستودع 
1  بلكونة
البناء علي الكود السعودي",https://images.aqar.fm/webp/750x0/props/051938105_1779624666004.jpg,True,24.902692,46.83717
6709452,https://sa.aqar.fm/شقق-للبيع/الرياض/شرق-الرياض/حي-الرمال/شارع-145-الرمال-حي-الرمال-مدينة-الرياض-منطقة-الرياض-6709452,"شقة للبيع في شارع 145 الرمال, حي الرمال, مدينة الرياض, منطقة الرياض",حي الرمال,الرياض,شرق الرياض,🟡 تحتاج مراجعة,متوسطة,السعر عادل، لكن فيه تعارض بين بيانات الإعلان والوصف -- تأكد من التفاصيل الفعلية,شقة,750000.0,150.0,4,4.0,,0.0,لا,6.69,30100,3400,0.81,🟢 سعر عادل,4639,247,5696.0,يوجد بلكونة | يوجد مستودع | يوجد مجلس منفصل,"تعارض بيانات اكتشفه التحليل الآلي: area_sqm=98 بالوصف (مسجّل عندنا 97.0), rooms=4 بالوصف (مسجّل عندنا 3.0), bathrooms=4 بالوصف (مسجّل عندنا 4.0)",True,نموذج B - دور أول,"{""area_sqm"": 98, ""rooms"": 4, ""bathrooms"": 4}",البيانات المسجّلة تطابق نموذج F2 (شقة ملحق 98م²). عدد الغرف الفعلي 4 (3 غرف نوم + 1 مجلس منفصل),"شركه الصدفه للتطوير العقاري 
بدأ البيع ادوار مستقلة وشقق الرياض 27
في شمال شرق الرياض - حي الرمال   مخطط رقم 3936 المشروع علي 3 واجهات واجهه شرقيه بشارع عرض ١٥ متر - واجهه جنوبيه بشارع عرض ١٨ متر - واجهه شماليه بشارع عرض ١٥ متر 
متوفر في المشروع: 
                      نموذج A 
يتكون من دور ارضي مساحه ١٤٨ متر 
            السعر 900,000
              المتبقي ١٦ دور  
A1-A2 -A3-A4-A5-A6-A7-A8-A14-A15-A16-A17-A18-A19-A20-A21
                     نموذج B 
يتكون من دور اول مساحه ١٥٠ متر 
          السعر 750,000
          المتبقي ١٦ دور 
B1-B2 -B3-B4-B5-B6-B7-B8-B14-B15-B16-B17-B18-B19-B20-B21
                    نموذج C
يتكون من ١٦ شقه ملحق مساحه ٩٠ متر 
           السعر 550.000 
            المتبقي ١٦ شقة  
C1-C2 -C3-C4-C5-C6-C7-C8-C14-C15-C16-C17-C18-C19-C20-C21
                    نموذج D 
* ٢ ادوار ارضية زوايا مساحه ٢٣٧ متر 
         السعر 1.200.000  
              رقم A9-A13 
* ٣ ادوار ارضية مفصول مساحه ١٩٠ متر 
            السعر 950.000 
           رقم A10-A11-A12
                 نموذج E 
* ٢ ادوار اول زوايا مساحه ٢٥٠ متر 
         السعر 850.000  
              رقم B9-B13 
* ٣ ادوار اول مفصول مساحه ١٨٠ متر 
            السعر 850.000 
           رقم B10-B11-B12 
                  نموذج F 
* ٢ شقق ملحق زوايا مساحه ١٢٨ متر
         السعر 650.000  
              رقم C9-C13 
* ٣ شقق ملحق مساحه ٩٨ متر 
            السعر 450.000 
           رقم C10-C11-C12 

المواصفات:
3 غرف نوم 
4 حمامات 
1 غرفه طعام 
1 مطبخ 
1 مجلس 
1  غرفه معيشه 
1  مستودع 
1  بلكونة
البناء علي الكود السعودي",https://images.aqar.fm/webp/750x0/props/051938105_1779624666004.jpg,True,24.902692,46.83717
6709452,https://sa.aqar.fm/شقق-للبيع/الرياض/شرق-الرياض/حي-الرمال/شارع-145-الرمال-حي-الرمال-مدينة-الرياض-منطقة-الرياض-6709452,"شقة للبيع في شارع 145 الرمال, حي الرمال, مدينة الرياض, منطقة الرياض",حي الرمال,الرياض,شرق الرياض,🟡 تحتاج مراجعة,متوسطة,السعر عادل، لكن فيه تعارض بين بيانات الإعلان والوصف -- تأكد من التفاصيل الفعلية,شقة,550000.0,90.0,4,4.0,,0.0,لا,6.69,30100,3400,0.81,🟢 سعر عادل,4639,247,5696.0,يوجد بلكونة | يوجد مستودع | يوجد مجلس منفصل,"تعارض بيانات اكتشفه التحليل الآلي: area_sqm=98 بالوصف (مسجّل عندنا 97.0), rooms=4 بالوصف (مسجّل عندنا 3.0), bathrooms=4 بالوصف (مسجّل عندنا 4.0)",True,نموذج C - شقة ملحق,"{""area_sqm"": 98, ""rooms"": 4, ""bathrooms"": 4}",البيانات المسجّلة تطابق نموذج F2 (شقة ملحق 98م²). عدد الغرف الفعلي 4 (3 غرف نوم + 1 مجلس منفصل),"شركه الصدفه للتطوير العقاري 
بدأ البيع ادوار مستقلة وشقق الرياض 27
في شمال شرق الرياض - حي الرمال   مخطط رقم 3936 المشروع علي 3 واجهات واجهه شرقيه بشارع عرض ١٥ متر - واجهه جنوبيه بشارع عرض ١٨ متر - واجهه شماليه بشارع عرض ١٥ متر 
متوفر في المشروع: 
                      نموذج A 
يتكون من دور ارضي مساحه ١٤٨ متر 
            السعر 900,000
              المتبقي ١٦ دور  
A1-A2 -A3-A4-A5-A6-A7-A8-A14-A15-A16-A17-A18-A19-A20-A21
                     نموذج B 
يتكون من دور اول مساحه ١٥٠ متر 
          السعر 750,000
          المتبقي ١٦ دور 
B1-B2 -B3-B4-B5-B6-B7-B8-B14-B15-B16-B17-B18-B19-B20-B21
                    نموذج C
يتكون من ١٦ شقه ملحق مساحه ٩٠ متر 
           السعر 550.000 
            المتبقي ١٦ شقة  
C1-C2 -C3-C4-C5-C6-C7-C8-C14-C15-C16-C17-C18-C19-C20-C21
                    نموذج D 
* ٢ ادوار ارضية زوايا مساحه ٢٣٧ متر 
         السعر 1.200.000  
              رقم A9-A13 
* ٣ ادوار ارضية مفصول مساحه ١٩٠ متر 
            السعر 950.000 
           رقم A10-A11-A12
                 نموذج E 
* ٢ ادوار اول زوايا مساحه ٢٥٠ متر 
         السعر 850.000  
              رقم B9-B13 
* ٣ ادوار اول مفصول مساحه ١٨٠ متر 
            السعر 850.000 
           رقم B10-B11-B12 
                  نموذج F 
* ٢ شقق ملحق زوايا مساحه ١٢٨ متر
         السعر 650.000  
              رقم C9-C13 
* ٣ شقق ملحق مساحه ٩٨ متر 
            السعر 450.000 
           رقم C10-C11-C12 

المواصفات:
3 غرف نوم 
4 حمامات 
1 غرفه طعام 
1 مطبخ 
1 مجلس 
1  غرفه معيشه 
1  مستودع 
1  بلكونة
البناء علي الكود السعودي",https://images.aqar.fm/webp/750x0/props/051938105_1779624666004.jpg,True,24.902692,46.83717
6709452,https://sa.aqar.fm/شقق-للبيع/الرياض/شرق-الرياض/حي-الرمال/شارع-145-الرمال-حي-الرمال-مدينة-الرياض-منطقة-الرياض-6709452,"شقة للبيع في شارع 145 الرمال, حي الرمال, مدينة الرياض, منطقة الرياض",حي الرمال,الرياض,شرق الرياض,🟡 تحتاج مراجعة,متوسطة,السعر عادل، لكن فيه تعارض بين بيانات الإعلان والوصف -- تأكد من التفاصيل الفعلية,شقة,1200000.0,237.0,4,4.0,,0.0,لا,6.69,30100,3400,0.81,🟢 سعر عادل,4639,247,5696.0,يوجد بلكونة | يوجد مستودع | يوجد مجلس منفصل,"تعارض بيانات اكتشفه التحليل الآلي: area_sqm=98 بالوصف (مسجّل عندنا 97.0), rooms=4 بالوصف (مسجّل عندنا 3.0), bathrooms=4 بالوصف (مسجّل عندنا 4.0)",True,نموذج D1 - دور أرضي زاوية,"{""area_sqm"": 98, ""rooms"": 4, ""bathrooms"": 4}",البيانات المسجّلة تطابق نموذج F2 (شقة ملحق 98م²). عدد الغرف الفعلي 4 (3 غرف نوم + 1 مجلس منفصل),"شركه الصدفه للتطوير العقاري 
بدأ البيع ادوار مستقلة وشقق الرياض 27
في شمال شرق الرياض - حي الرمال   مخطط رقم 3936 المشروع علي 3 واجهات واجهه شرقيه بشارع عرض ١٥ متر - واجهه جنوبيه بشارع عرض ١٨ متر - واجهه شماليه بشارع عرض ١٥ متر 
متوفر في المشروع: 
                      نموذج A 
يتكون من دور ارضي مساحه ١٤٨ متر 
            السعر 900,000
              المتبقي ١٦ دور  
A1-A2 -A3-A4-A5-A6-A7-A8-A14-A15-A16-A17-A18-A19-A20-A21
                     نموذج B 
يتكون من دور اول مساحه ١٥٠ متر 
          السعر 750,000
          المتبقي ١٦ دور 
B1-B2 -B3-B4-B5-B6-B7-B8-B14-B15-B16-B17-B18-B19-B20-B21
                    نموذج C
يتكون من ١٦ شقه ملحق مساحه ٩٠ متر 
           السعر 550.000 
            المتبقي ١٦ شقة  
C1-C2 -C3-C4-C5-C6-C7-C8-C14-C15-C16-C17-C18-C19-C20-C21
                    نموذج D 
* ٢ ادوار ارضية زوايا مساحه ٢٣٧ متر 
         السعر 1.200.000  
              رقم A9-A13 
* ٣ ادوار ارضية مفصول مساحه ١٩٠ متر 
            السعر 950.000 
           رقم A10-A11-A12
                 نموذج E 
* ٢ ادوار اول زوايا مساحه ٢٥٠ متر 
         السعر 850.000  
              رقم B9-B13 
* ٣ ادوار اول مفصول مساحه ١٨٠ متر 
            السعر 850.000 
           رقم B10-B11-B12 
                  نموذج F 
* ٢ شقق ملحق زوايا مساحه ١٢٨ متر
         السعر 650.000  
              رقم C9-C13 
* ٣ شقق ملحق مساحه ٩٨ متر 
            السعر 450.000 
           رقم C10-C11-C12 

المواصفات:
3 غرف نوم 
4 حمامات 
1 غرفه طعام 
1 مطبخ 
1 مجلس 
1  غرفه معيشه 
1  مستودع 
1  بلكونة
البناء علي الكود السعودي",https://images.aqar.fm/webp/750x0/props/051938105_1779624666004.jpg,True,24.902692,46.83717
6709452,https://sa.aqar.fm/شقق-للبيع/الرياض/شرق-الرياض/حي-الرمال/شارع-145-الرمال-حي-الرمال-مدينة-الرياض-منطقة-الرياض-6709452,"شقة للبيع في شارع 145 الرمال, حي الرمال, مدينة الرياض, منطقة الرياض",حي الرمال,الرياض,شرق الرياض,🟡 تحتاج مراجعة,متوسطة,السعر عادل، لكن فيه تعارض بين بيانات الإعلان والوصف -- تأكد من التفاصيل الفعلية,شقة,950000.0,190.0,4,4.0,,0.0,لا,6.69,30100,3400,0.81,🟢 سعر عادل,4639,247,5696.0,يوجد بلكونة | يوجد مستودع | يوجد مجلس منفصل,"تعارض بيانات اكتشفه التحليل الآلي: area_sqm=98 بالوصف (مسجّل عندنا 97.0), rooms=4 بالوصف (مسجّل عندنا 3.0), bathrooms=4 بالوصف (مسجّل عندنا 4.0)",True,نموذج D2 - دور أرضي مفصول,"{""area_sqm"": 98, ""rooms"": 4, ""bathrooms"": 4}",البيانات المسجّلة تطابق نموذج F2 (شقة ملحق 98م²). عدد الغرف الفعلي 4 (3 غرف نوم + 1 مجلس منفصل),"شركه الصدفه للتطوير العقاري 
بدأ البيع ادوار مستقلة وشقق الرياض 27
في شمال شرق الرياض - حي الرمال   مخطط رقم 3936 المشروع علي 3 واجهات واجهه شرقيه بشارع عرض ١٥ متر - واجهه جنوبيه بشارع عرض ١٨ متر - واجهه شماليه بشارع عرض ١٥ متر 
متوفر في المشروع: 
                      نموذج A 
يتكون من دور ارضي مساحه ١٤٨ متر 
            السعر 900,000
              المتبقي ١٦ دور  
A1-A2 -A3-A4-A5-A6-A7-A8-A14-A15-A16-A17-A18-A19-A20-A21
                     نموذج B 
يتكون من دور اول مساحه ١٥٠ متر 
          السعر 750,000
          المتبقي ١٦ دور 
B1-B2 -B3-B4-B5-B6-B7-B8-B14-B15-B16-B17-B18-B19-B20-B21
                    نموذج C
يتكون من ١٦ شقه ملحق مساحه ٩٠ متر 
           السعر 550.000 
            المتبقي ١٦ شقة  
C1-C2 -C3-C4-C5-C6-C7-C8-C14-C15-C16-C17-C18-C19-C20-C21
                    نموذج D 
* ٢ ادوار ارضية زوايا مساحه ٢٣٧ متر 
         السعر 1.200.000  
              رقم A9-A13 
* ٣ ادوار ارضية مفصول مساحه ١٩٠ متر 
            السعر 950.000 
           رقم A10-A11-A12
                 نموذج E 
* ٢ ادوار اول زوايا مساحه ٢٥٠ متر 
         السعر 850.000  
              رقم B9-B13 
* ٣ ادوار اول مفصول مساحه ١٨٠ متر 
            السعر 850.000 
           رقم B10-B11-B12 
                  نموذج F 
* ٢ شقق ملحق زوايا مساحه ١٢٨ متر
         السعر 650.000  
              رقم C9-C13 
* ٣ شقق ملحق مساحه ٩٨ متر 
            السعر 450.000 
           رقم C10-C11-C12 

المواصفات:
3 غرف نوم 
4 حمامات 
1 غرفه طعام 
1 مطبخ 
1 مجلس 
1  غرفه معيشه 
1  مستودع 
1  بلكونة
البناء علي الكود السعودي",https://images.aqar.fm/webp/750x0/props/051938105_1779624666004.jpg,True,24.902692,46.83717
6709452,https://sa.aqar.fm/شقق-للبيع/الرياض/شرق-الرياض/حي-الرمال/شارع-145-الرمال-حي-الرمال-مدينة-الرياض-منطقة-الرياض-6709452,"شقة للبيع في شارع 145 الرمال, حي الرمال, مدينة الرياض, منطقة الرياض",حي الرمال,الرياض,شرق الرياض,🟡 تحتاج مراجعة,متوسطة,السعر عادل، لكن فيه تعارض بين بيانات الإعلان والوصف -- تأكد من التفاصيل الفعلية,شقة,850000.0,250.0,4,4.0,,0.0,لا,6.69,30100,3400,0.81,🟢 سعر عادل,4639,247,5696.0,يوجد بلكونة | يوجد مستودع | يوجد مجلس منفصل,"تعارض بيانات اكتشفه التحليل الآلي: area_sqm=98 بالوصف (مسجّل عندنا 97.0), rooms=4 بالوصف (مسجّل عندنا 3.0), bathrooms=4 بالوصف (مسجّل عندنا 4.0)",True,نموذج E1 - دور أول زاوية,"{""area_sqm"": 98, ""rooms"": 4, ""bathrooms"": 4}",البيانات المسجّلة تطابق نموذج F2 (شقة ملحق 98م²). عدد الغرف الفعلي 4 (3 غرف نوم + 1 مجلس منفصل),"شركه الصدفه للتطوير العقاري 
بدأ البيع ادوار مستقلة وشقق الرياض 27
في شمال شرق الرياض - حي الرمال   مخطط رقم 3936 المشروع علي 3 واجهات واجهه شرقيه بشارع عرض ١٥ متر - واجهه جنوبيه بشارع عرض ١٨ متر - واجهه شماليه بشارع عرض ١٥ متر 
متوفر في المشروع: 
                      نموذج A 
يتكون من دور ارضي مساحه ١٤٨ متر 
            السعر 900,000
              المتبقي ١٦ دور  
A1-A2 -A3-A4-A5-A6-A7-A8-A14-A15-A16-A17-A18-A19-A20-A21
                     نموذج B 
يتكون من دور اول مساحه ١٥٠ متر 
          السعر 750,000
          المتبقي ١٦ دور 
B1-B2 -B3-B4-B5-B6-B7-B8-B14-B15-B16-B17-B18-B19-B20-B21
                    نموذج C
يتكون من ١٦ شقه ملحق مساحه ٩٠ متر 
           السعر 550.000 
            المتبقي ١٦ شقة  
C1-C2 -C3-C4-C5-C6-C7-C8-C14-C15-C16-C17-C18-C19-C20-C21
                    نموذج D 
* ٢ ادوار ارضية زوايا مساحه ٢٣٧ متر 
         السعر 1.200.000  
              رقم A9-A13 
* ٣ ادوار ارضية مفصول مساحه ١٩٠ متر 
            السعر 950.000 
           رقم A10-A11-A12
                 نموذج E 
* ٢ ادوار اول زوايا مساحه ٢٥٠ متر 
         السعر 850.000  
              رقم B9-B13 
* ٣ ادوار اول مفصول مساحه ١٨٠ متر 
            السعر 850.000 
           رقم B10-B11-B12 
                  نموذج F 
* ٢ شقق ملحق زوايا مساحه ١٢٨ متر
         السعر 650.000  
              رقم C9-C13 
* ٣ شقق ملحق مساحه ٩٨ متر 
            السعر 450.000 
           رقم C10-C11-C12 

المواصفات:
3 غرف نوم 
4 حمامات 
1 غرفه طعام 
1 مطبخ 
1 مجلس 
1  غرفه معيشه 
1  مستودع 
1  بلكونة
البناء علي الكود السعودي",https://images.aqar.fm/webp/750x0/props/051938105_1779624666004.jpg,True,24.902692,46.83717
6709452,https://sa.aqar.fm/شقق-للبيع/الرياض/شرق-الرياض/حي-الرمال/شارع-145-الرمال-حي-الرمال-مدينة-الرياض-منطقة-الرياض-6709452,"شقة للبيع في شارع 145 الرمال, حي الرمال, مدينة الرياض, منطقة الرياض",حي الرمال,الرياض,شرق الرياض,🟡 تحتاج مراجعة,متوسطة,السعر عادل، لكن فيه تعارض بين بيانات الإعلان والوصف -- تأكد من التفاصيل الفعلية,شقة,850000.0,180.0,4,4.0,,0.0,لا,6.69,30100,3400,0.81,🟢 سعر عادل,4639,247,5696.0,يوجد بلكونة | يوجد مستودع | يوجد مجلس منفصل,"تعارض بيانات اكتشفه التحليل الآلي: area_sqm=98 بالوصف (مسجّل عندنا 97.0), rooms=4 بالوصف (مسجّل عندنا 3.0), bathrooms=4 بالوصف (مسجّل عندنا 4.0)",True,نموذج E2 - دور أول مفصول,"{""area_sqm"": 98, ""rooms"": 4, ""bathrooms"": 4}",البيانات المسجّلة تطابق نموذج F2 (شقة ملحق 98م²). عدد الغرف الفعلي 4 (3 غرف نوم + 1 مجلس منفصل),"شركه الصدفه للتطوير العقاري 
بدأ البيع ادوار مستقلة وشقق الرياض 27
في شمال شرق الرياض - حي الرمال   مخطط رقم 3936 المشروع علي 3 واجهات واجهه شرقيه بشارع عرض ١٥ متر - واجهه جنوبيه بشارع عرض ١٨ متر - واجهه شماليه بشارع عرض ١٥ متر 
متوفر في المشروع: 
                      نموذج A 
يتكون من دور ارضي مساحه ١٤٨ متر 
            السعر 900,000
              المتبقي ١٦ دور  
A1-A2 -A3-A4-A5-A6-A7-A8-A14-A15-A16-A17-A18-A19-A20-A21
                     نموذج B 
يتكون من دور اول مساحه ١٥٠ متر 
          السعر 750,000
          المتبقي ١٦ دور 
B1-B2 -B3-B4-B5-B6-B7-B8-B14-B15-B16-B17-B18-B19-B20-B21
                    نموذج C
يتكون من ١٦ شقه ملحق مساحه ٩٠ متر 
           السعر 550.000 
            المتبقي ١٦ شقة  
C1-C2 -C3-C4-C5-C6-C7-C8-C14-C15-C16-C17-C18-C19-C20-C21
                    نموذج D 
* ٢ ادوار ارضية زوايا مساحه ٢٣٧ متر 
         السعر 1.200.000  
              رقم A9-A13 
* ٣ ادوار ارضية مفصول مساحه ١٩٠ متر 
            السعر 950.000 
           رقم A10-A11-A12
                 نموذج E 
* ٢ ادوار اول زوايا مساحه ٢٥٠ متر 
         السعر 850.000  
              رقم B9-B13 
* ٣ ادوار اول مفصول مساحه ١٨٠ متر 
            السعر 850.000 
           رقم B10-B11-B12 
                  نموذج F 
* ٢ شقق ملحق زوايا مساحه ١٢٨ متر
         السعر 650.000  
              رقم C9-C13 
* ٣ شقق ملحق مساحه ٩٨ متر 
            السعر 450.000 
           رقم C10-C11-C12 

المواصفات:
3 غرف نوم 
4 حمامات 
1 غرفه طعام 
1 مطبخ 
1 مجلس 
1  غرفه معيشه 
1  مستودع 
1  بلكونة
البناء علي الكود السعودي",https://images.aqar.fm/webp/750x0/props/051938105_1779624666004.jpg,True,24.902692,46.83717
6709452,https://sa.aqar.fm/شقق-للبيع/الرياض/شرق-الرياض/حي-الرمال/شارع-145-الرمال-حي-الرمال-مدينة-الرياض-منطقة-الرياض-6709452,"شقة للبيع في شارع 145 الرمال, حي الرمال, مدينة الرياض, منطقة الرياض",حي الرمال,الرياض,شرق الرياض,🟡 تحتاج مراجعة,متوسطة,السعر عادل، لكن فيه تعارض بين بيانات الإعلان والوصف -- تأكد من التفاصيل الفعلية,شقة,650000.0,128.0,4,4.0,,0.0,لا,6.69,30100,3400,0.81,🟢 سعر عادل,4639,247,5696.0,يوجد بلكونة | يوجد مستودع | يوجد مجلس منفصل,"تعارض بيانات اكتشفه التحليل الآلي: area_sqm=98 بالوصف (مسجّل عندنا 97.0), rooms=4 بالوصف (مسجّل عندنا 3.0), bathrooms=4 بالوصف (مسجّل عندنا 4.0)",True,نموذج F1 - شقة ملحق زاوية,"{""area_sqm"": 98, ""rooms"": 4, ""bathrooms"": 4}",البيانات المسجّلة تطابق نموذج F2 (شقة ملحق 98م²). عدد الغرف الفعلي 4 (3 غرف نوم + 1 مجلس منفصل),"شركه الصدفه للتطوير العقاري 
بدأ البيع ادوار مستقلة وشقق الرياض 27
في شمال شرق الرياض - حي الرمال   مخطط رقم 3936 المشروع علي 3 واجهات واجهه شرقيه بشارع عرض ١٥ متر - واجهه جنوبيه بشارع عرض ١٨ متر - واجهه شماليه بشارع عرض ١٥ متر 
متوفر في المشروع: 
                      نموذج A 
يتكون من دور ارضي مساحه ١٤٨ متر 
            السعر 900,000
              المتبقي ١٦ دور  
A1-A2 -A3-A4-A5-A6-A7-A8-A14-A15-A16-A17-A18-A19-A20-A21
                     نموذج B 
يتكون من دور اول مساحه ١٥٠ متر 
          السعر 750,000
          المتبقي ١٦ دور 
B1-B2 -B3-B4-B5-B6-B7-B8-B14-B15-B16-B17-B18-B19-B20-B21
                    نموذج C
يتكون من ١٦ شقه ملحق مساحه ٩٠ متر 
           السعر 550.000 
            المتبقي ١٦ شقة  
C1-C2 -C3-C4-C5-C6-C7-C8-C14-C15-C16-C17-C18-C19-C20-C21
                    نموذج D 
* ٢ ادوار ارضية زوايا مساحه ٢٣٧ متر 
         السعر 1.200.000  
              رقم A9-A13 
* ٣ ادوار ارضية مفصول مساحه ١٩٠ متر 
            السعر 950.000 
           رقم A10-A11-A12
                 نموذج E 
* ٢ ادوار اول زوايا مساحه ٢٥٠ متر 
         السعر 850.000  
              رقم B9-B13 
* ٣ ادوار اول مفصول مساحه ١٨٠ متر 
            السعر 850.000 
           رقم B10-B11-B12 
                  نموذج F 
* ٢ شقق ملحق زوايا مساحه ١٢٨ متر
         السعر 650.000  
              رقم C9-C13 
* ٣ شقق ملحق مساحه ٩٨ متر 
            السعر 450.000 
           رقم C10-C11-C12 

المواصفات:
3 غرف نوم 
4 حمامات 
1 غرفه طعام 
1 مطبخ 
1 مجلس 
1  غرفه معيشه 
1  مستودع 
1  بلكونة
البناء علي الكود السعودي",https://images.aqar.fm/webp/750x0/props/051938105_1779624666004.jpg,True,24.902692,46.83717
6709452,https://sa.aqar.fm/شقق-للبيع/الرياض/شرق-الرياض/حي-الرمال/شارع-145-الرمال-حي-الرمال-مدينة-الرياض-منطقة-الرياض-6709452,"شقة للبيع في شارع 145 الرمال, حي الرمال, مدينة الرياض, منطقة الرياض",حي الرمال,الرياض,شرق الرياض,🟡 تحتاج مراجعة,متوسطة,السعر عادل، لكن فيه تعارض بين بيانات الإعلان والوصف -- تأكد من التفاصيل الفعلية,شقة,450000.0,98.0,3,4.0,,0.0,لا,6.69,30100,3400,0.81,🟢 سعر عادل,4639,247,5696.0,يوجد بلكونة | يوجد مستودع | يوجد مجلس منفصل,"تعارض بيانات اكتشفه التحليل الآلي: area_sqm=98 بالوصف (مسجّل عندنا 97.0), rooms=4 بالوصف (مسجّل عندنا 3.0), bathrooms=4 بالوصف (مسجّل عندنا 4.0)",True,نموذج F2 - شقة ملحق,"{""area_sqm"": 98, ""rooms"": 4, ""bathrooms"": 4}",البيانات المسجّلة تطابق نموذج F2 (شقة ملحق 98م²). عدد الغرف الفعلي 4 (3 غرف نوم + 1 مجلس منفصل),"شركه الصدفه للتطوير العقاري 
بدأ البيع ادوار مستقلة وشقق الرياض 27
في شمال شرق الرياض - حي الرمال   مخطط رقم 3936 المشروع علي 3 واجهات واجهه شرقيه بشارع عرض ١٥ متر - واجهه جنوبيه بشارع عرض ١٨ متر - واجهه شماليه بشارع عرض ١٥ متر 
متوفر في المشروع: 
                      نموذج A 
يتكون من دور ارضي مساحه ١٤٨ متر 
            السعر 900,000
              المتبقي ١٦ دور  
A1-A2 -A3-A4-A5-A6-A7-A8-A14-A15-A16-A17-A18-A19-A20-A21
                     نموذج B 
يتكون من دور اول مساحه ١٥٠ متر 
          السعر 750,000
          المتبقي ١٦ دور 
B1-B2 -B3-B4-B5-B6-B7-B8-B14-B15-B16-B17-B18-B19-B20-B21
                    نموذج C
يتكون من ١٦ شقه ملحق مساحه ٩٠ متر 
           السعر 550.000 
            المتبقي ١٦ شقة  
C1-C2 -C3-C4-C5-C6-C7-C8-C14-C15-C16-C17-C18-C19-C20-C21
                    نموذج D 
* ٢ ادوار ارضية زوايا مساحه ٢٣٧ متر 
         السعر 1.200.000  
              رقم A9-A13 
* ٣ ادوار ارضية مفصول مساحه ١٩٠ متر 
            السعر 950.000 
           رقم A10-A11-A12
                 نموذج E 
* ٢ ادوار اول زوايا مساحه ٢٥٠ متر 
         السعر 850.000  
              رقم B9-B13 
* ٣ ادوار اول مفصول مساحه ١٨٠ متر 
            السعر 850.000 
           رقم B10-B11-B12 
                  نموذج F 
* ٢ شقق ملحق زوايا مساحه ١٢٨ متر
         السعر 650.000  
              رقم C9-C13 
* ٣ شقق ملحق مساحه ٩٨ متر 
            السعر 450.000 
           رقم C10-C11-C12 

المواصفات:
3 غرف نوم 
4 حمامات 
1 غرفه طعام 
1 مطبخ 
1 مجلس 
1  غرفه معيشه 
1  مستودع 
1  بلكونة
البناء علي الكود السعودي",https://images.aqar.fm/webp/750x0/props/051938105_1779624666004.jpg,True,24.902692,46.83717
6722769,https://sa.aqar.fm/شقق-للبيع/الرياض/شرق-الرياض/حي-الرمال/شارع-عبدالرحمن-البهكلي-حي-الرمال-مدينة-الرياض-منطقة-الرياض-6722769,"شقة للبيع في شارع عبدالرحمن البهكلي, حي الرمال, مدينة الرياض, منطقة الرياض",حي الرمال,الرياض,شرق الرياض,🟡 تحتاج مراجعة,متوسطة,السعر عادل، لكن فيه تعارض بين بيانات الإعلان والوصف -- تأكد من التفاصيل الفعلية,شقة,450000.0,58.0,4,2.0,0.0,0.0,لا,6.69,30100,3400,0.73,🟢 سعر عادل,7759,21,10651.0,يوجد موقف سيارة | خزانات مياه مستقلة | قريب من مسجد | عقار جديد | يوجد مجلس منفصل,السعر قابل للتفاوض -- ممكن فيه هامش تفاوض إضافي | تعارض بيانات اكتشفه التحليل الآلي: rooms=4 بالوصف (مسجّل عندنا 3.0),False,شقة دور ثاني بحي الرمال,"{""rooms"": 4}",الوصف يذكر 4 غرف (غرفتي نوم + مجلس + صالة) بينما البيانات المسجلة تشير إلى 3 غرف فقط,"شقة للبيع حي الرمال 
غرفتين نوم ومجلس وصالة ومطبخ ودورتين مياه 
السعر قابل للتفاوض 

شقه دور ثاني جديده 
شارع 25
مجلس مع دورت مياه 
صاله 
مطبخ امريكي
غرفتين نوام ودورت مياه 
عداد الكهرباء مستقل 
خزان ماء مستقل 
موقف خاص لشقه 
قريب من جميع الخمات 
ظهير تجاري 
جانب مسجد 
وجامع
مدخل رئيسي 
ظهير شارع الامير محمد بن سلمان",https://images.aqar.fm/webp/750x0/props/040894078_1780844561327.jpg,True,24.860935,46.845107
6724866,https://sa.aqar.fm/شقق-للبيع/الرياض/شمال-الرياض/حي-الملقا/شارع-السعادات-حي-الملقا-مدينة-الرياض-منطقة-الرياض-6724866,"شقة للبيع في شارع السعادات, حي الملقا, مدينة الرياض, منطقة الرياض",حي الملقا,الرياض,شمال الرياض,🟡 تحتاج مراجعة,متوسطة,السعر عادل، لكن فيه تعارض بين بيانات الإعلان والوصف -- تأكد من التفاصيل الفعلية,شقة,750000.0,128.0,4,2.0,1.0,16.0,لا,6.64,54800,1400,0.72,🟢 سعر عادل,6445,147,9010.0,,"تعارض بيانات اكتشفه التحليل الآلي: rooms=4 بالوصف (مسجّل عندنا 3.0), age_years=16 بالوصف (مسجّل عندنا 2.0)",False,شقة رقم 7 - الدور الأول,"{""rooms"": 4, ""age_years"": 16}",تعارض في عمر العقار (مسجّل 2 سنة، الوصف يذكر 16 سنة). عدد الغرف 4 (3 غرف نوم + صالة منفصلة). السعر المذكور بالوصف 750 ألف مختلف عن المسجّل 825 ألف. العقار مؤجّر برصيد 6-7 أشهر من العقد. هناك مديونية 470 ألف.,"البيع شقه في حي الملقا 
مساحه 128 عمر العقار 16 سنوات 
مؤجر باقي في العقد 6او 7شهور 
عدد دروات المياه 2
غرف النوم 3 
وي صاله ومطبخ 
الواجهة شرقي 
الدور الاول شقه رقم 7
عليها مديونية 470 الف 
البيع 750 الف ان شاء الله

👇
https://maps.app.goo.gl/aHMoGuMAm2jA8Wmn9?g_st=aw",,True,24.816789,46.601696
6613504,https://sa.aqar.fm/شقق-للبيع/الرياض/شمال-الرياض/حي-النرجس/شارع-سليمان-بن-عبدالله-الجبرين-حي-النرجس-مدينة-الرياض-منطقة-الرياض-6613504,"شقة للبيع في شارع سليمان بن عبدالله الجبرين, حي النرجس, مدينة الرياض, منطقة الرياض",حي النرجس,الرياض,شمال الرياض,🟡 تحتاج مراجعة,متوسطة,السعر عادل، لكن فيه تعارض بين بيانات الإعلان والوصف -- تأكد من التفاصيل الفعلية,شقة,870000.0,115.0,4,3.0,0.0,0.0,لا,6.62,57600,863,0.9,🟢 سعر عادل,7699,484,8508.0,مستوى راقٍ | غرفة خادمة | يوجد مستودع | غرفة ماستر بحمام خاص,تعارض بيانات اكتشفه التحليل الآلي: area_sqm=115 بالوصف (مسجّل عندنا 113.0),False,شقة بحي النرجس - الدور الأول,"{""area_sqm"": 115}",المساحة المذكورة بالوصف 115 م² بينما المسجلة 113 م². عدد الغرف 4 (3 غرف نوم + صالة منفصلة).,"للبيع شقة راقية بحي النرجس ( شمال الملك سلمان ) 
مداخل و مخارج الحي ممتازة جداً 
منطقة مرتفعة وهادئة 
تحكم ذكي ( سمارت )
الدور الاول : شقة مساحة / 115 
 3 غرف نوف واحدة ماستر 
 3 دورات مياه 
صالة 
مستودع 
مطبخ 
غرفة خادمة

للتفاصيل التواصل : 0500319390",https://images.aqar.fm/webp/750x0/props/043051228_1772585287934.jpg | https://images.aqar.fm/webp/750x0/props/043051221_1772585304820.jpg | https://images.aqar.fm/webp/750x0/props/043051222_1772585389476.jpg | https://images.aqar.fm/webp/750x0/props/043051225_1772585389470.jpg | https://images.aqar.fm/webp/750x0/props/043051229_1772585389481.jpg | https://images.aqar.fm/webp/750x0/props/043051222_1772585389463.jpg | https://images.aqar.fm/webp/750x0/props/043051226_1772585389477.jpg | https://images.aqar.fm/webp/750x0/props/043051227_1772585389474.jpg | https://images.aqar.fm/webp/750x0/props/043051223_1772585389489.jpg | https://images.aqar.fm/webp/750x0/props/043051228_1772585444657.jpg | https://images.aqar.fm/webp/750x0/props/043051224_1772585444653.jpg | https://images.aqar.fm/webp/750x0/props/043051223_1772585444670.jpg | https://images.aqar.fm/webp/750x0/props/043051225_1772585444671.jpg | https://images.aqar.fm/webp/750x0/props/043051228_1772585564600.jpg | https://images.aqar.fm/webp/750x0/props/043051221_1772585681684.jpg,True,24.875096,46.66192
6795665,https://sa.aqar.fm/شقق-للبيع/الرياض/شمال-الرياض/حي-القيروان/شارع-السلامين-حي-القيروان-مدينة-الرياض-منطقة-الرياض-6795665,"شقة للبيع في شارع السلامين, حي القيروان, مدينة الرياض, منطقة الرياض",حي القيروان,الرياض,شمال الرياض,🟡 تحتاج مراجعة,متوسطة,السعر عادل، لكن فيه تعارض بين بيانات الإعلان والوصف -- تأكد من التفاصيل الفعلية,شقة,875000.0,111.0,3.0,3.0,1.0,0.0,لا,6.5,56900,537,0.92,🟢 سعر عادل,5193,116,5627.0,عقار جديد | يوجد ضمان,السعر 'يبدأ من' -- تأكد إنه يخص نفس الوحدة والمساحة المذكورة، مو وحدة أصغر | تعارض بيانات اكتشفه التحليل الآلي: area_sqm=111 بالوصف (مسجّل عندنا 168.5),True,وحدة نموذجية - الحد الأدنى,"{""area_sqm"": 111}",مشروع بيع على الخارطة - تسليم مايو 2027. البيانات المسجلة (168.5 م² و3 غرف و3 حمامات) تخص وحدة محددة ضمن المشروع الذي يحتوي على 25 شقة بمساحات متعددة من 111 إلى 226 م²,"مشروع ساس القيروان
شقق سكنية
البيع على الخارطة
بتصميم مودرن منفذ بمواصفات مميزة
بأسعار تبدأ من 875,000 إلى 1,430,000
ومساحات من 111م إلى 226م
عدد الشقق ( 25 شقة )
المواصفات:
- نظام ذكي ( مدخل البيت - إضاءة - أفياش )
- عداد كهرباء مستقل
- ضمانات تصل إلى 25 سنة
-
مزايا الموقع :
- طريق الملك فهد ( 120 متر )
- طريق الملك سلمان ( 3 دقائق )
- الافنيوز ( 6 دقائق )
- المربع الجديد ( 6 دقائق )
-
تاريخ التسليم 2027/05/30
SAS Al-Qairawan Project
Residential Apartments
Off-Plan Sale
Featuring a modern design executed with premium specifications.
Prices: Starting from SAR 875,000 to SAR 1,430,000
Areas: Ranging from 111 m² to 226 m²
Total Units: 25 Apartments
Key Specifications & Amenities
Smart Home System: Smart entrance, lighting, and power outlets
Independent Electricity Meter
Warranties: Up to 25 years
Prime Location Highlights
King Fahd Road: 120 meters away
King Salman Road: 3 minutes away
The Avenues Mall: 6 minutes away
New Murabba: 6 minutes away

Delivery Date: May 30, 2027",https://images.aqar.fm/webp/750x0/props/000753644_1785309247037.jpg,True,24.830826,46.60976
6795665,https://sa.aqar.fm/شقق-للبيع/الرياض/شمال-الرياض/حي-القيروان/شارع-السلامين-حي-القيروان-مدينة-الرياض-منطقة-الرياض-6795665,"شقة للبيع في شارع السلامين, حي القيروان, مدينة الرياض, منطقة الرياض",حي القيروان,الرياض,شمال الرياض,🟡 تحتاج مراجعة,متوسطة,السعر عادل، لكن فيه تعارض بين بيانات الإعلان والوصف -- تأكد من التفاصيل الفعلية,شقة,1430000.0,226.0,3.0,3.0,1.0,0.0,لا,6.5,56900,537,0.92,🟢 سعر عادل,5193,116,5627.0,عقار جديد | يوجد ضمان,السعر 'يبدأ من' -- تأكد إنه يخص نفس الوحدة والمساحة المذكورة، مو وحدة أصغر | تعارض بيانات اكتشفه التحليل الآلي: area_sqm=111 بالوصف (مسجّل عندنا 168.5),True,وحدة نموذجية - الحد الأقصى,"{""area_sqm"": 111}",مشروع بيع على الخارطة - تسليم مايو 2027. البيانات المسجلة (168.5 م² و3 غرف و3 حمامات) تخص وحدة محددة ضمن المشروع الذي يحتوي على 25 شقة بمساحات متعددة من 111 إلى 226 م²,"مشروع ساس القيروان
شقق سكنية
البيع على الخارطة
بتصميم مودرن منفذ بمواصفات مميزة
بأسعار تبدأ من 875,000 إلى 1,430,000
ومساحات من 111م إلى 226م
عدد الشقق ( 25 شقة )
المواصفات:
- نظام ذكي ( مدخل البيت - إضاءة - أفياش )
- عداد كهرباء مستقل
- ضمانات تصل إلى 25 سنة
-
مزايا الموقع :
- طريق الملك فهد ( 120 متر )
- طريق الملك سلمان ( 3 دقائق )
- الافنيوز ( 6 دقائق )
- المربع الجديد ( 6 دقائق )
-
تاريخ التسليم 2027/05/30
SAS Al-Qairawan Project
Residential Apartments
Off-Plan Sale
Featuring a modern design executed with premium specifications.
Prices: Starting from SAR 875,000 to SAR 1,430,000
Areas: Ranging from 111 m² to 226 m²
Total Units: 25 Apartments
Key Specifications & Amenities
Smart Home System: Smart entrance, lighting, and power outlets
Independent Electricity Meter
Warranties: Up to 25 years
Prime Location Highlights
King Fahd Road: 120 meters away
King Salman Road: 3 minutes away
The Avenues Mall: 6 minutes away
New Murabba: 6 minutes away

Delivery Date: May 30, 2027",https://images.aqar.fm/webp/750x0/props/000753644_1785309247037.jpg,True,24.830826,46.60976
6800063,https://sa.aqar.fm/شقق-للبيع/الرياض/شرق-الرياض/حي-الرمال/حي-الرمال-مدينة-الرياض-منطقة-الرياض-6800063,"شقة للبيع في حي الرمال, مدينة الرياض, منطقة الرياض",حي الرمال,الرياض,شرق الرياض,🔴 لا ينصح بها,متوسطة,سعر البيع أرخص بشكل غير طبيعي مقارنة بصفقات رسمية مشابهة -- تحقق من الصك والمساحة أولًا,شقة,900000.0,148.0,الوصف يذكر 3 غرف نوم + 1 مجلس = 4 غرف إجمالي (المسجل 2),4.0,,0.0,لا,6.75,34400,740,0.53,🔴 REVIEW,2656,196,4994.0,يوجد بلكونة | يوجد مستودع | يوجد مجلس منفصل,"تعارض بيانات اكتشفه التحليل الآلي: area_sqm=بيانات مختلفة - المسجل 192 م² بينما الوصف يحتوي على وحدات متعددة بمساحات مختلفة بالوصف (مسجّل عندنا 192.0), rooms=الوصف يذكر 3 غرف نوم + 1 مجلس = 4 غرف إجمالي (المسجل 2) بالوصف (مسجّل عندنا 2.0)",True,نموذج A - دور أرضي,"{""area_sqm"": ""بيانات مختلفة - المسجل 192 م² بينما الوصف يحتوي على وحدات متعددة بمساحات مختلفة"", ""rooms"": ""الوصف يذكر 3 غرف نوم + 1 مجلس = 4 غرف إجمالي (المسجل 2)""}","مشروع متعدد الوحدات. السعر المسجل 510,000 ريال لا يطابق أي وحدة من الوحدات المذكورة في الوصف. المواصفات المدرجة (3 غرف نوم + 4 حمامات) لا تنطبق على جميع الوحدات بل على بعضها فقط","شركه الصدفه للتطوير العقاري 
بدأ البيع ادوار مستقلة وشقق الرياض 27
في شمال شرق الرياض - حي الرمال   مخطط رقم 3936 المشروع علي 3 واجهات واجهه شرقيه بشارع عرض ١٥ متر - واجهه جنوبيه بشارع عرض ١٨ متر - واجهه شماليه بشارع عرض ١٥ متر 
متوفر في المشروع: 
                      نموذج A 
يتكون من دور ارضي مساحه ١٤٨ متر 
            السعر 900,000
              المتبقي ١٦ دور  
A1-A2 -A3-A4-A5-A6-A7-A8-A14-A15-A16-A17-A18-A19-A20-A21
                     نموذج B 
يتكون من دور اول مساحه ١٥٠ متر 
          السعر 750,000
          المتبقي ١٦ دور 
B1-B2 -B3-B4-B5-B6-B7-B8-B14-B15-B16-B17-B18-B19-B20-B21
                    نموذج C
يتكون من ١٦ شقه ملحق مساحه ٩٠ متر 
           السعر 550.000 
            المتبقي ١٦ شقة  
C1-C2 -C3-C4-C5-C6-C7-C8-C14-C15-C16-C17-C18-C19-C20-C21
                    نموذج D 
* ٢ ادوار ارضية زوايا مساحه ٢٣٧ متر 
         السعر 1.200.000  
              رقم A9-A13 
* ٣ ادوار ارضية مفصول مساحه ١٩٠ متر 
            السعر 950.000 
           رقم A10-A11-A12
                 نموذج E 
* ٢ ادوار اول زوايا مساحه ٢٥٠ متر 
         السعر 850.000  
              رقم B9-B13 
* ٣ ادوار اول مفصول مساحه ١٨٠ متر 
            السعر 850.000 
           رقم B10-B11-B12 
                  نموذج F 
* ٢ شقق ملحق زوايا مساحه ١٢٨ متر
         السعر 650.000  
              رقم C9-C13 
* ٣ شقق ملحق مساحه ٩٨ متر 
            السعر 450.000 
           رقم C10-C11-C12 

المواصفات:
3 غرف نوم 
4 حمامات 
1 غرفه طعام 
1 مطبخ 
1 مجلس 
1  غرفه معيشه 
1  مستودع 
1  بلكونة",https://images.aqar.fm/webp/750x0/props/017127269_1785589305737.jpg | https://images.aqar.fm/webp/750x0/props/017127264_1785589305950.jpg,True,24.902926,46.835004
6800063,https://sa.aqar.fm/شقق-للبيع/الرياض/شرق-الرياض/حي-الرمال/حي-الرمال-مدينة-الرياض-منطقة-الرياض-6800063,"شقة للبيع في حي الرمال, مدينة الرياض, منطقة الرياض",حي الرمال,الرياض,شرق الرياض,🔴 لا ينصح بها,متوسطة,سعر البيع أرخص بشكل غير طبيعي مقارنة بصفقات رسمية مشابهة -- تحقق من الصك والمساحة أولًا,شقة,750000.0,150.0,الوصف يذكر 3 غرف نوم + 1 مجلس = 4 غرف إجمالي (المسجل 2),4.0,,0.0,لا,6.75,34400,740,0.53,🔴 REVIEW,2656,196,4994.0,يوجد بلكونة | يوجد مستودع | يوجد مجلس منفصل,"تعارض بيانات اكتشفه التحليل الآلي: area_sqm=بيانات مختلفة - المسجل 192 م² بينما الوصف يحتوي على وحدات متعددة بمساحات مختلفة بالوصف (مسجّل عندنا 192.0), rooms=الوصف يذكر 3 غرف نوم + 1 مجلس = 4 غرف إجمالي (المسجل 2) بالوصف (مسجّل عندنا 2.0)",True,نموذج B - دور أول,"{""area_sqm"": ""بيانات مختلفة - المسجل 192 م² بينما الوصف يحتوي على وحدات متعددة بمساحات مختلفة"", ""rooms"": ""الوصف يذكر 3 غرف نوم + 1 مجلس = 4 غرف إجمالي (المسجل 2)""}","مشروع متعدد الوحدات. السعر المسجل 510,000 ريال لا يطابق أي وحدة من الوحدات المذكورة في الوصف. المواصفات المدرجة (3 غرف نوم + 4 حمامات) لا تنطبق على جميع الوحدات بل على بعضها فقط","شركه الصدفه للتطوير العقاري 
بدأ البيع ادوار مستقلة وشقق الرياض 27
في شمال شرق الرياض - حي الرمال   مخطط رقم 3936 المشروع علي 3 واجهات واجهه شرقيه بشارع عرض ١٥ متر - واجهه جنوبيه بشارع عرض ١٨ متر - واجهه شماليه بشارع عرض ١٥ متر 
متوفر في المشروع: 
                      نموذج A 
يتكون من دور ارضي مساحه ١٤٨ متر 
            السعر 900,000
              المتبقي ١٦ دور  
A1-A2 -A3-A4-A5-A6-A7-A8-A14-A15-A16-A17-A18-A19-A20-A21
                     نموذج B 
يتكون من دور اول مساحه ١٥٠ متر 
          السعر 750,000
          المتبقي ١٦ دور 
B1-B2 -B3-B4-B5-B6-B7-B8-B14-B15-B16-B17-B18-B19-B20-B21
                    نموذج C
يتكون من ١٦ شقه ملحق مساحه ٩٠ متر 
           السعر 550.000 
            المتبقي ١٦ شقة  
C1-C2 -C3-C4-C5-C6-C7-C8-C14-C15-C16-C17-C18-C19-C20-C21
                    نموذج D 
* ٢ ادوار ارضية زوايا مساحه ٢٣٧ متر 
         السعر 1.200.000  
              رقم A9-A13 
* ٣ ادوار ارضية مفصول مساحه ١٩٠ متر 
            السعر 950.000 
           رقم A10-A11-A12
                 نموذج E 
* ٢ ادوار اول زوايا مساحه ٢٥٠ متر 
         السعر 850.000  
              رقم B9-B13 
* ٣ ادوار اول مفصول مساحه ١٨٠ متر 
            السعر 850.000 
           رقم B10-B11-B12 
                  نموذج F 
* ٢ شقق ملحق زوايا مساحه ١٢٨ متر
         السعر 650.000  
              رقم C9-C13 
* ٣ شقق ملحق مساحه ٩٨ متر 
            السعر 450.000 
           رقم C10-C11-C12 

المواصفات:
3 غرف نوم 
4 حمامات 
1 غرفه طعام 
1 مطبخ 
1 مجلس 
1  غرفه معيشه 
1  مستودع 
1  بلكونة",https://images.aqar.fm/webp/750x0/props/017127269_1785589305737.jpg | https://images.aqar.fm/webp/750x0/props/017127264_1785589305950.jpg,True,24.902926,46.835004
6800063,https://sa.aqar.fm/شقق-للبيع/الرياض/شرق-الرياض/حي-الرمال/حي-الرمال-مدينة-الرياض-منطقة-الرياض-6800063,"شقة للبيع في حي الرمال, مدينة الرياض, منطقة الرياض",حي الرمال,الرياض,شرق الرياض,🔴 لا ينصح بها,متوسطة,سعر البيع أرخص بشكل غير طبيعي مقارنة بصفقات رسمية مشابهة -- تحقق من الصك والمساحة أولًا,شقة,550000.0,90.0,الوصف يذكر 3 غرف نوم + 1 مجلس = 4 غرف إجمالي (المسجل 2),4.0,,0.0,لا,6.75,34400,740,0.53,🔴 REVIEW,2656,196,4994.0,يوجد بلكونة | يوجد مستودع | يوجد مجلس منفصل,"تعارض بيانات اكتشفه التحليل الآلي: area_sqm=بيانات مختلفة - المسجل 192 م² بينما الوصف يحتوي على وحدات متعددة بمساحات مختلفة بالوصف (مسجّل عندنا 192.0), rooms=الوصف يذكر 3 غرف نوم + 1 مجلس = 4 غرف إجمالي (المسجل 2) بالوصف (مسجّل عندنا 2.0)",True,نموذج C - شقة ملحق,"{""area_sqm"": ""بيانات مختلفة - المسجل 192 م² بينما الوصف يحتوي على وحدات متعددة بمساحات مختلفة"", ""rooms"": ""الوصف يذكر 3 غرف نوم + 1 مجلس = 4 غرف إجمالي (المسجل 2)""}","مشروع متعدد الوحدات. السعر المسجل 510,000 ريال لا يطابق أي وحدة من الوحدات المذكورة في الوصف. المواصفات المدرجة (3 غرف نوم + 4 حمامات) لا تنطبق على جميع الوحدات بل على بعضها فقط","شركه الصدفه للتطوير العقاري 
بدأ البيع ادوار مستقلة وشقق الرياض 27
في شمال شرق الرياض - حي الرمال   مخطط رقم 3936 المشروع علي 3 واجهات واجهه شرقيه بشارع عرض ١٥ متر - واجهه جنوبيه بشارع عرض ١٨ متر - واجهه شماليه بشارع عرض ١٥ متر 
متوفر في المشروع: 
                      نموذج A 
يتكون من دور ارضي مساحه ١٤٨ متر 
            السعر 900,000
              المتبقي ١٦ دور  
A1-A2 -A3-A4-A5-A6-A7-A8-A14-A15-A16-A17-A18-A19-A20-A21
                     نموذج B 
يتكون من دور اول مساحه ١٥٠ متر 
          السعر 750,000
          المتبقي ١٦ دور 
B1-B2 -B3-B4-B5-B6-B7-B8-B14-B15-B16-B17-B18-B19-B20-B21
                    نموذج C
يتكون من ١٦ شقه ملحق مساحه ٩٠ متر 
           السعر 550.000 
            المتبقي ١٦ شقة  
C1-C2 -C3-C4-C5-C6-C7-C8-C14-C15-C16-C17-C18-C19-C20-C21
                    نموذج D 
* ٢ ادوار ارضية زوايا مساحه ٢٣٧ متر 
         السعر 1.200.000  
              رقم A9-A13 
* ٣ ادوار ارضية مفصول مساحه ١٩٠ متر 
            السعر 950.000 
           رقم A10-A11-A12
                 نموذج E 
* ٢ ادوار اول زوايا مساحه ٢٥٠ متر 
         السعر 850.000  
              رقم B9-B13 
* ٣ ادوار اول مفصول مساحه ١٨٠ متر 
            السعر 850.000 
           رقم B10-B11-B12 
                  نموذج F 
* ٢ شقق ملحق زوايا مساحه ١٢٨ متر
         السعر 650.000  
              رقم C9-C13 
* ٣ شقق ملحق مساحه ٩٨ متر 
            السعر 450.000 
           رقم C10-C11-C12 

المواصفات:
3 غرف نوم 
4 حمامات 
1 غرفه طعام 
1 مطبخ 
1 مجلس 
1  غرفه معيشه 
1  مستودع 
1  بلكونة",https://images.aqar.fm/webp/750x0/props/017127269_1785589305737.jpg | https://images.aqar.fm/webp/750x0/props/017127264_1785589305950.jpg,True,24.902926,46.835004
6800063,https://sa.aqar.fm/شقق-للبيع/الرياض/شرق-الرياض/حي-الرمال/حي-الرمال-مدينة-الرياض-منطقة-الرياض-6800063,"شقة للبيع في حي الرمال, مدينة الرياض, منطقة الرياض",حي الرمال,الرياض,شرق الرياض,🔴 لا ينصح بها,متوسطة,سعر البيع أرخص بشكل غير طبيعي مقارنة بصفقات رسمية مشابهة -- تحقق من الصك والمساحة أولًا,شقة,1200000.0,237.0,الوصف يذكر 3 غرف نوم + 1 مجلس = 4 غرف إجمالي (المسجل 2),4.0,,0.0,لا,6.75,34400,740,0.53,🔴 REVIEW,2656,196,4994.0,يوجد بلكونة | يوجد مستودع | يوجد مجلس منفصل,"تعارض بيانات اكتشفه التحليل الآلي: area_sqm=بيانات مختلفة - المسجل 192 م² بينما الوصف يحتوي على وحدات متعددة بمساحات مختلفة بالوصف (مسجّل عندنا 192.0), rooms=الوصف يذكر 3 غرف نوم + 1 مجلس = 4 غرف إجمالي (المسجل 2) بالوصف (مسجّل عندنا 2.0)",True,نموذج D - دور أرضي زاوية,"{""area_sqm"": ""بيانات مختلفة - المسجل 192 م² بينما الوصف يحتوي على وحدات متعددة بمساحات مختلفة"", ""rooms"": ""الوصف يذكر 3 غرف نوم + 1 مجلس = 4 غرف إجمالي (المسجل 2)""}","مشروع متعدد الوحدات. السعر المسجل 510,000 ريال لا يطابق أي وحدة من الوحدات المذكورة في الوصف. المواصفات المدرجة (3 غرف نوم + 4 حمامات) لا تنطبق على جميع الوحدات بل على بعضها فقط","شركه الصدفه للتطوير العقاري 
بدأ البيع ادوار مستقلة وشقق الرياض 27
في شمال شرق الرياض - حي الرمال   مخطط رقم 3936 المشروع علي 3 واجهات واجهه شرقيه بشارع عرض ١٥ متر - واجهه جنوبيه بشارع عرض ١٨ متر - واجهه شماليه بشارع عرض ١٥ متر 
متوفر في المشروع: 
                      نموذج A 
يتكون من دور ارضي مساحه ١٤٨ متر 
            السعر 900,000
              المتبقي ١٦ دور  
A1-A2 -A3-A4-A5-A6-A7-A8-A14-A15-A16-A17-A18-A19-A20-A21
                     نموذج B 
يتكون من دور اول مساحه ١٥٠ متر 
          السعر 750,000
          المتبقي ١٦ دور 
B1-B2 -B3-B4-B5-B6-B7-B8-B14-B15-B16-B17-B18-B19-B20-B21
                    نموذج C
يتكون من ١٦ شقه ملحق مساحه ٩٠ متر 
           السعر 550.000 
            المتبقي ١٦ شقة  
C1-C2 -C3-C4-C5-C6-C7-C8-C14-C15-C16-C17-C18-C19-C20-C21
                    نموذج D 
* ٢ ادوار ارضية زوايا مساحه ٢٣٧ متر 
         السعر 1.200.000  
              رقم A9-A13 
* ٣ ادوار ارضية مفصول مساحه ١٩٠ متر 
            السعر 950.000 
           رقم A10-A11-A12
                 نموذج E 
* ٢ ادوار اول زوايا مساحه ٢٥٠ متر 
         السعر 850.000  
              رقم B9-B13 
* ٣ ادوار اول مفصول مساحه ١٨٠ متر 
            السعر 850.000 
           رقم B10-B11-B12 
                  نموذج F 
* ٢ شقق ملحق زوايا مساحه ١٢٨ متر
         السعر 650.000  
              رقم C9-C13 
* ٣ شقق ملحق مساحه ٩٨ متر 
            السعر 450.000 
           رقم C10-C11-C12 

المواصفات:
3 غرف نوم 
4 حمامات 
1 غرفه طعام 
1 مطبخ 
1 مجلس 
1  غرفه معيشه 
1  مستودع 
1  بلكونة",https://images.aqar.fm/webp/750x0/props/017127269_1785589305737.jpg | https://images.aqar.fm/webp/750x0/props/017127264_1785589305950.jpg,True,24.902926,46.835004
6800063,https://sa.aqar.fm/شقق-للبيع/الرياض/شرق-الرياض/حي-الرمال/حي-الرمال-مدينة-الرياض-منطقة-الرياض-6800063,"شقة للبيع في حي الرمال, مدينة الرياض, منطقة الرياض",حي الرمال,الرياض,شرق الرياض,🔴 لا ينصح بها,متوسطة,سعر البيع أرخص بشكل غير طبيعي مقارنة بصفقات رسمية مشابهة -- تحقق من الصك والمساحة أولًا,شقة,950000.0,190.0,الوصف يذكر 3 غرف نوم + 1 مجلس = 4 غرف إجمالي (المسجل 2),4.0,,0.0,لا,6.75,34400,740,0.53,🔴 REVIEW,2656,196,4994.0,يوجد بلكونة | يوجد مستودع | يوجد مجلس منفصل,"تعارض بيانات اكتشفه التحليل الآلي: area_sqm=بيانات مختلفة - المسجل 192 م² بينما الوصف يحتوي على وحدات متعددة بمساحات مختلفة بالوصف (مسجّل عندنا 192.0), rooms=الوصف يذكر 3 غرف نوم + 1 مجلس = 4 غرف إجمالي (المسجل 2) بالوصف (مسجّل عندنا 2.0)",True,نموذج D - دور أرضي مفصول,"{""area_sqm"": ""بيانات مختلفة - المسجل 192 م² بينما الوصف يحتوي على وحدات متعددة بمساحات مختلفة"", ""rooms"": ""الوصف يذكر 3 غرف نوم + 1 مجلس = 4 غرف إجمالي (المسجل 2)""}","مشروع متعدد الوحدات. السعر المسجل 510,000 ريال لا يطابق أي وحدة من الوحدات المذكورة في الوصف. المواصفات المدرجة (3 غرف نوم + 4 حمامات) لا تنطبق على جميع الوحدات بل على بعضها فقط","شركه الصدفه للتطوير العقاري 
بدأ البيع ادوار مستقلة وشقق الرياض 27
في شمال شرق الرياض - حي الرمال   مخطط رقم 3936 المشروع علي 3 واجهات واجهه شرقيه بشارع عرض ١٥ متر - واجهه جنوبيه بشارع عرض ١٨ متر - واجهه شماليه بشارع عرض ١٥ متر 
متوفر في المشروع: 
                      نموذج A 
يتكون من دور ارضي مساحه ١٤٨ متر 
            السعر 900,000
              المتبقي ١٦ دور  
A1-A2 -A3-A4-A5-A6-A7-A8-A14-A15-A16-A17-A18-A19-A20-A21
                     نموذج B 
يتكون من دور اول مساحه ١٥٠ متر 
          السعر 750,000
          المتبقي ١٦ دور 
B1-B2 -B3-B4-B5-B6-B7-B8-B14-B15-B16-B17-B18-B19-B20-B21
                    نموذج C
يتكون من ١٦ شقه ملحق مساحه ٩٠ متر 
           السعر 550.000 
            المتبقي ١٦ شقة  
C1-C2 -C3-C4-C5-C6-C7-C8-C14-C15-C16-C17-C18-C19-C20-C21
                    نموذج D 
* ٢ ادوار ارضية زوايا مساحه ٢٣٧ متر 
         السعر 1.200.000  
              رقم A9-A13 
* ٣ ادوار ارضية مفصول مساحه ١٩٠ متر 
            السعر 950.000 
           رقم A10-A11-A12
                 نموذج E 
* ٢ ادوار اول زوايا مساحه ٢٥٠ متر 
         السعر 850.000  
              رقم B9-B13 
* ٣ ادوار اول مفصول مساحه ١٨٠ متر 
            السعر 850.000 
           رقم B10-B11-B12 
                  نموذج F 
* ٢ شقق ملحق زوايا مساحه ١٢٨ متر
         السعر 650.000  
              رقم C9-C13 
* ٣ شقق ملحق مساحه ٩٨ متر 
            السعر 450.000 
           رقم C10-C11-C12 

المواصفات:
3 غرف نوم 
4 حمامات 
1 غرفه طعام 
1 مطبخ 
1 مجلس 
1  غرفه معيشه 
1  مستودع 
1  بلكونة",https://images.aqar.fm/webp/750x0/props/017127269_1785589305737.jpg | https://images.aqar.fm/webp/750x0/props/017127264_1785589305950.jpg,True,24.902926,46.835004
6800063,https://sa.aqar.fm/شقق-للبيع/الرياض/شرق-الرياض/حي-الرمال/حي-الرمال-مدينة-الرياض-منطقة-الرياض-6800063,"شقة للبيع في حي الرمال, مدينة الرياض, منطقة الرياض",حي الرمال,الرياض,شرق الرياض,🔴 لا ينصح بها,متوسطة,سعر البيع أرخص بشكل غير طبيعي مقارنة بصفقات رسمية مشابهة -- تحقق من الصك والمساحة أولًا,شقة,850000.0,250.0,الوصف يذكر 3 غرف نوم + 1 مجلس = 4 غرف إجمالي (المسجل 2),4.0,,0.0,لا,6.75,34400,740,0.53,🔴 REVIEW,2656,196,4994.0,يوجد بلكونة | يوجد مستودع | يوجد مجلس منفصل,"تعارض بيانات اكتشفه التحليل الآلي: area_sqm=بيانات مختلفة - المسجل 192 م² بينما الوصف يحتوي على وحدات متعددة بمساحات مختلفة بالوصف (مسجّل عندنا 192.0), rooms=الوصف يذكر 3 غرف نوم + 1 مجلس = 4 غرف إجمالي (المسجل 2) بالوصف (مسجّل عندنا 2.0)",True,نموذج E - دور أول زاوية,"{""area_sqm"": ""بيانات مختلفة - المسجل 192 م² بينما الوصف يحتوي على وحدات متعددة بمساحات مختلفة"", ""rooms"": ""الوصف يذكر 3 غرف نوم + 1 مجلس = 4 غرف إجمالي (المسجل 2)""}","مشروع متعدد الوحدات. السعر المسجل 510,000 ريال لا يطابق أي وحدة من الوحدات المذكورة في الوصف. المواصفات المدرجة (3 غرف نوم + 4 حمامات) لا تنطبق على جميع الوحدات بل على بعضها فقط","شركه الصدفه للتطوير العقاري 
بدأ البيع ادوار مستقلة وشقق الرياض 27
في شمال شرق الرياض - حي الرمال   مخطط رقم 3936 المشروع علي 3 واجهات واجهه شرقيه بشارع عرض ١٥ متر - واجهه جنوبيه بشارع عرض ١٨ متر - واجهه شماليه بشارع عرض ١٥ متر 
متوفر في المشروع: 
                      نموذج A 
يتكون من دور ارضي مساحه ١٤٨ متر 
            السعر 900,000
              المتبقي ١٦ دور  
A1-A2 -A3-A4-A5-A6-A7-A8-A14-A15-A16-A17-A18-A19-A20-A21
                     نموذج B 
يتكون من دور اول مساحه ١٥٠ متر 
          السعر 750,000
          المتبقي ١٦ دور 
B1-B2 -B3-B4-B5-B6-B7-B8-B14-B15-B16-B17-B18-B19-B20-B21
                    نموذج C
يتكون من ١٦ شقه ملحق مساحه ٩٠ متر 
           السعر 550.000 
            المتبقي ١٦ شقة  
C1-C2 -C3-C4-C5-C6-C7-C8-C14-C15-C16-C17-C18-C19-C20-C21
                    نموذج D 
* ٢ ادوار ارضية زوايا مساحه ٢٣٧ متر 
         السعر 1.200.000  
              رقم A9-A13 
* ٣ ادوار ارضية مفصول مساحه ١٩٠ متر 
            السعر 950.000 
           رقم A10-A11-A12
                 نموذج E 
* ٢ ادوار اول زوايا مساحه ٢٥٠ متر 
         السعر 850.000  
              رقم B9-B13 
* ٣ ادوار اول مفصول مساحه ١٨٠ متر 
            السعر 850.000 
           رقم B10-B11-B12 
                  نموذج F 
* ٢ شقق ملحق زوايا مساحه ١٢٨ متر
         السعر 650.000  
              رقم C9-C13 
* ٣ شقق ملحق مساحه ٩٨ متر 
            السعر 450.000 
           رقم C10-C11-C12 

المواصفات:
3 غرف نوم 
4 حمامات 
1 غرفه طعام 
1 مطبخ 
1 مجلس 
1  غرفه معيشه 
1  مستودع 
1  بلكونة",https://images.aqar.fm/webp/750x0/props/017127269_1785589305737.jpg | https://images.aqar.fm/webp/750x0/props/017127264_1785589305950.jpg,True,24.902926,46.835004
6800063,https://sa.aqar.fm/شقق-للبيع/الرياض/شرق-الرياض/حي-الرمال/حي-الرمال-مدينة-الرياض-منطقة-الرياض-6800063,"شقة للبيع في حي الرمال, مدينة الرياض, منطقة الرياض",حي الرمال,الرياض,شرق الرياض,🔴 لا ينصح بها,متوسطة,سعر البيع أرخص بشكل غير طبيعي مقارنة بصفقات رسمية مشابهة -- تحقق من الصك والمساحة أولًا,شقة,850000.0,180.0,الوصف يذكر 3 غرف نوم + 1 مجلس = 4 غرف إجمالي (المسجل 2),4.0,,0.0,لا,6.75,34400,740,0.53,🔴 REVIEW,2656,196,4994.0,يوجد بلكونة | يوجد مستودع | يوجد مجلس منفصل,"تعارض بيانات اكتشفه التحليل الآلي: area_sqm=بيانات مختلفة - المسجل 192 م² بينما الوصف يحتوي على وحدات متعددة بمساحات مختلفة بالوصف (مسجّل عندنا 192.0), rooms=الوصف يذكر 3 غرف نوم + 1 مجلس = 4 غرف إجمالي (المسجل 2) بالوصف (مسجّل عندنا 2.0)",True,نموذج E - دور أول مفصول,"{""area_sqm"": ""بيانات مختلفة - المسجل 192 م² بينما الوصف يحتوي على وحدات متعددة بمساحات مختلفة"", ""rooms"": ""الوصف يذكر 3 غرف نوم + 1 مجلس = 4 غرف إجمالي (المسجل 2)""}","مشروع متعدد الوحدات. السعر المسجل 510,000 ريال لا يطابق أي وحدة من الوحدات المذكورة في الوصف. المواصفات المدرجة (3 غرف نوم + 4 حمامات) لا تنطبق على جميع الوحدات بل على بعضها فقط","شركه الصدفه للتطوير العقاري 
بدأ البيع ادوار مستقلة وشقق الرياض 27
في شمال شرق الرياض - حي الرمال   مخطط رقم 3936 المشروع علي 3 واجهات واجهه شرقيه بشارع عرض ١٥ متر - واجهه جنوبيه بشارع عرض ١٨ متر - واجهه شماليه بشارع عرض ١٥ متر 
متوفر في المشروع: 
                      نموذج A 
يتكون من دور ارضي مساحه ١٤٨ متر 
            السعر 900,000
              المتبقي ١٦ دور  
A1-A2 -A3-A4-A5-A6-A7-A8-A14-A15-A16-A17-A18-A19-A20-A21
                     نموذج B 
يتكون من دور اول مساحه ١٥٠ متر 
          السعر 750,000
          المتبقي ١٦ دور 
B1-B2 -B3-B4-B5-B6-B7-B8-B14-B15-B16-B17-B18-B19-B20-B21
                    نموذج C
يتكون من ١٦ شقه ملحق مساحه ٩٠ متر 
           السعر 550.000 
            المتبقي ١٦ شقة  
C1-C2 -C3-C4-C5-C6-C7-C8-C14-C15-C16-C17-C18-C19-C20-C21
                    نموذج D 
* ٢ ادوار ارضية زوايا مساحه ٢٣٧ متر 
         السعر 1.200.000  
              رقم A9-A13 
* ٣ ادوار ارضية مفصول مساحه ١٩٠ متر 
            السعر 950.000 
           رقم A10-A11-A12
                 نموذج E 
* ٢ ادوار اول زوايا مساحه ٢٥٠ متر 
         السعر 850.000  
              رقم B9-B13 
* ٣ ادوار اول مفصول مساحه ١٨٠ متر 
            السعر 850.000 
           رقم B10-B11-B12 
                  نموذج F 
* ٢ شقق ملحق زوايا مساحه ١٢٨ متر
         السعر 650.000  
              رقم C9-C13 
* ٣ شقق ملحق مساحه ٩٨ متر 
            السعر 450.000 
           رقم C10-C11-C12 

المواصفات:
3 غرف نوم 
4 حمامات 
1 غرفه طعام 
1 مطبخ 
1 مجلس 
1  غرفه معيشه 
1  مستودع 
1  بلكونة",https://images.aqar.fm/webp/750x0/props/017127269_1785589305737.jpg | https://images.aqar.fm/webp/750x0/props/017127264_1785589305950.jpg,True,24.902926,46.835004
6800063,https://sa.aqar.fm/شقق-للبيع/الرياض/شرق-الرياض/حي-الرمال/حي-الرمال-مدينة-الرياض-منطقة-الرياض-6800063,"شقة للبيع في حي الرمال, مدينة الرياض, منطقة الرياض",حي الرمال,الرياض,شرق الرياض,🔴 لا ينصح بها,متوسطة,سعر البيع أرخص بشكل غير طبيعي مقارنة بصفقات رسمية مشابهة -- تحقق من الصك والمساحة أولًا,شقة,650000.0,128.0,الوصف يذكر 3 غرف نوم + 1 مجلس = 4 غرف إجمالي (المسجل 2),4.0,,0.0,لا,6.75,34400,740,0.53,🔴 REVIEW,2656,196,4994.0,يوجد بلكونة | يوجد مستودع | يوجد مجلس منفصل,"تعارض بيانات اكتشفه التحليل الآلي: area_sqm=بيانات مختلفة - المسجل 192 م² بينما الوصف يحتوي على وحدات متعددة بمساحات مختلفة بالوصف (مسجّل عندنا 192.0), rooms=الوصف يذكر 3 غرف نوم + 1 مجلس = 4 غرف إجمالي (المسجل 2) بالوصف (مسجّل عندنا 2.0)",True,نموذج F - شقة ملحق زاوية,"{""area_sqm"": ""بيانات مختلفة - المسجل 192 م² بينما الوصف يحتوي على وحدات متعددة بمساحات مختلفة"", ""rooms"": ""الوصف يذكر 3 غرف نوم + 1 مجلس = 4 غرف إجمالي (المسجل 2)""}","مشروع متعدد الوحدات. السعر المسجل 510,000 ريال لا يطابق أي وحدة من الوحدات المذكورة في الوصف. المواصفات المدرجة (3 غرف نوم + 4 حمامات) لا تنطبق على جميع الوحدات بل على بعضها فقط","شركه الصدفه للتطوير العقاري 
بدأ البيع ادوار مستقلة وشقق الرياض 27
في شمال شرق الرياض - حي الرمال   مخطط رقم 3936 المشروع علي 3 واجهات واجهه شرقيه بشارع عرض ١٥ متر - واجهه جنوبيه بشارع عرض ١٨ متر - واجهه شماليه بشارع عرض ١٥ متر 
متوفر في المشروع: 
                      نموذج A 
يتكون من دور ارضي مساحه ١٤٨ متر 
            السعر 900,000
              المتبقي ١٦ دور  
A1-A2 -A3-A4-A5-A6-A7-A8-A14-A15-A16-A17-A18-A19-A20-A21
                     نموذج B 
يتكون من دور اول مساحه ١٥٠ متر 
          السعر 750,000
          المتبقي ١٦ دور 
B1-B2 -B3-B4-B5-B6-B7-B8-B14-B15-B16-B17-B18-B19-B20-B21
                    نموذج C
يتكون من ١٦ شقه ملحق مساحه ٩٠ متر 
           السعر 550.000 
            المتبقي ١٦ شقة  
C1-C2 -C3-C4-C5-C6-C7-C8-C14-C15-C16-C17-C18-C19-C20-C21
                    نموذج D 
* ٢ ادوار ارضية زوايا مساحه ٢٣٧ متر 
         السعر 1.200.000  
              رقم A9-A13 
* ٣ ادوار ارضية مفصول مساحه ١٩٠ متر 
            السعر 950.000 
           رقم A10-A11-A12
                 نموذج E 
* ٢ ادوار اول زوايا مساحه ٢٥٠ متر 
         السعر 850.000  
              رقم B9-B13 
* ٣ ادوار اول مفصول مساحه ١٨٠ متر 
            السعر 850.000 
           رقم B10-B11-B12 
                  نموذج F 
* ٢ شقق ملحق زوايا مساحه ١٢٨ متر
         السعر 650.000  
              رقم C9-C13 
* ٣ شقق ملحق مساحه ٩٨ متر 
            السعر 450.000 
           رقم C10-C11-C12 

المواصفات:
3 غرف نوم 
4 حمامات 
1 غرفه طعام 
1 مطبخ 
1 مجلس 
1  غرفه معيشه 
1  مستودع 
1  بلكونة",https://images.aqar.fm/webp/750x0/props/017127269_1785589305737.jpg | https://images.aqar.fm/webp/750x0/props/017127264_1785589305950.jpg,True,24.902926,46.835004
6800063,https://sa.aqar.fm/شقق-للبيع/الرياض/شرق-الرياض/حي-الرمال/حي-الرمال-مدينة-الرياض-منطقة-الرياض-6800063,"شقة للبيع في حي الرمال, مدينة الرياض, منطقة الرياض",حي الرمال,الرياض,شرق الرياض,🔴 لا ينصح بها,متوسطة,سعر البيع أرخص بشكل غير طبيعي مقارنة بصفقات رسمية مشابهة -- تحقق من الصك والمساحة أولًا,شقة,450000.0,98.0,الوصف يذكر 3 غرف نوم + 1 مجلس = 4 غرف إجمالي (المسجل 2),4.0,,0.0,لا,6.75,34400,740,0.53,🔴 REVIEW,2656,196,4994.0,يوجد بلكونة | يوجد مستودع | يوجد مجلس منفصل,"تعارض بيانات اكتشفه التحليل الآلي: area_sqm=بيانات مختلفة - المسجل 192 م² بينما الوصف يحتوي على وحدات متعددة بمساحات مختلفة بالوصف (مسجّل عندنا 192.0), rooms=الوصف يذكر 3 غرف نوم + 1 مجلس = 4 غرف إجمالي (المسجل 2) بالوصف (مسجّل عندنا 2.0)",True,نموذج F - شقة ملحق,"{""area_sqm"": ""بيانات مختلفة - المسجل 192 م² بينما الوصف يحتوي على وحدات متعددة بمساحات مختلفة"", ""rooms"": ""الوصف يذكر 3 غرف نوم + 1 مجلس = 4 غرف إجمالي (المسجل 2)""}","مشروع متعدد الوحدات. السعر المسجل 510,000 ريال لا يطابق أي وحدة من الوحدات المذكورة في الوصف. المواصفات المدرجة (3 غرف نوم + 4 حمامات) لا تنطبق على جميع الوحدات بل على بعضها فقط","شركه الصدفه للتطوير العقاري 
بدأ البيع ادوار مستقلة وشقق الرياض 27
في شمال شرق الرياض - حي الرمال   مخطط رقم 3936 المشروع علي 3 واجهات واجهه شرقيه بشارع عرض ١٥ متر - واجهه جنوبيه بشارع عرض ١٨ متر - واجهه شماليه بشارع عرض ١٥ متر 
متوفر في المشروع: 
                      نموذج A 
يتكون من دور ارضي مساحه ١٤٨ متر 
            السعر 900,000
              المتبقي ١٦ دور  
A1-A2 -A3-A4-A5-A6-A7-A8-A14-A15-A16-A17-A18-A19-A20-A21
                     نموذج B 
يتكون من دور اول مساحه ١٥٠ متر 
          السعر 750,000
          المتبقي ١٦ دور 
B1-B2 -B3-B4-B5-B6-B7-B8-B14-B15-B16-B17-B18-B19-B20-B21
                    نموذج C
يتكون من ١٦ شقه ملحق مساحه ٩٠ متر 
           السعر 550.000 
            المتبقي ١٦ شقة  
C1-C2 -C3-C4-C5-C6-C7-C8-C14-C15-C16-C17-C18-C19-C20-C21
                    نموذج D 
* ٢ ادوار ارضية زوايا مساحه ٢٣٧ متر 
         السعر 1.200.000  
              رقم A9-A13 
* ٣ ادوار ارضية مفصول مساحه ١٩٠ متر 
            السعر 950.000 
           رقم A10-A11-A12
                 نموذج E 
* ٢ ادوار اول زوايا مساحه ٢٥٠ متر 
         السعر 850.000  
              رقم B9-B13 
* ٣ ادوار اول مفصول مساحه ١٨٠ متر 
            السعر 850.000 
           رقم B10-B11-B12 
                  نموذج F 
* ٢ شقق ملحق زوايا مساحه ١٢٨ متر
         السعر 650.000  
              رقم C9-C13 
* ٣ شقق ملحق مساحه ٩٨ متر 
            السعر 450.000 
           رقم C10-C11-C12 

المواصفات:
3 غرف نوم 
4 حمامات 
1 غرفه طعام 
1 مطبخ 
1 مجلس 
1  غرفه معيشه 
1  مستودع 
1  بلكونة",https://images.aqar.fm/webp/750x0/props/017127269_1785589305737.jpg | https://images.aqar.fm/webp/750x0/props/017127264_1785589305950.jpg,True,24.902926,46.835004
